Pseudo ID,ZIPCODE,gender,Age,S1,S2,S3,S4,Academic Level
8648688b4e,93948,male,20 < Age ≤ 30,9,20,18,15,L1
65ad02fd1a,65416,male,20 < Age ≤ 30,11,13,11,19,L2
6c33fff1c4,16423,male,20 < Age ≤ 30,19,11,17,9,M2
de03114074,821,male,20 < Age ≤ 30,17,9,20,7,M2
df1b8307c4,60015,male,20 < Age ≤ 30,11,14,10,20,L2
79f2635f93,15897,male,20 < Age ≤ 30,13,12,10,17,M1
6db486a4fd,79186,male,20 < Age ≤ 30,13,15,14,7,L2
6d0164db83,91180,male,20 < Age ≤ 30,12,14,17,13,L3
ba8ee6a551,14656,male,20 < Age ≤ 30,7,9,11,13,M1
a3cb882a04,93898,male,20 < Age ≤ 30,10,15,7,8,L1
71a59ff292,94988,male,20 < Age ≤ 30,14,12,17,8,L2
ce2d9cc003,19891,male,20 < Age ≤ 30,8,18,15,11,L2
021f39c2f4,42932,male,20 < Age ≤ 30,18,15,7,12,L1
097e7a79ac,48210,male,20 < Age ≤ 30,12,17,19,12,L3
57133377d3,37830,male,20 < Age ≤ 30,20,15,10,14,L1
6f5ee401f6,51607,male,20 < Age ≤ 30,15,19,7,17,M1
d65145bf64,78128,male,20 < Age ≤ 30,15,7,13,11,L1
8cfea35707,18447,male,20 < Age ≤ 30,20,19,8,12,M2
3c7f8ea19a,60582,male,20 < Age ≤ 30,8,9,8,11,L2
40aaa0b869,80281,male,20 < Age ≤ 30,16,19,14,13,M2
b093ff4ec7,40605,male,20 < Age ≤ 30,20,19,19,16,M1
c3e005f793,1062,male,20 < Age ≤ 30,13,7,7,15,M2
3afd20a285,93310,male,20 < Age ≤ 30,11,13,13,11,M2
ac656ebc25,85287,male,20 < Age ≤ 30,10,13,15,13,L3
c15beb1048,6135,male,20 < Age ≤ 30,17,9,16,16,L3
ddcd9c65c1,55970,male,20 < Age ≤ 30,18,14,20,12,M1
20b0214bc6,71117,male,20 < Age ≤ 30,9,8,7,20,M1
00df5875c3,5511,male,20 < Age ≤ 30,11,17,12,10,M2
716de11f27,61766,male,20 < Age ≤ 30,10,15,15,7,L2
1d78f8e078,52436,male,20 < Age ≤ 30,13,12,7,18,M1
b7fe49cd70,15670,male,20 < Age ≤ 30,16,9,10,17,M2
df0a5e2c5c,44957,male,20 < Age ≤ 30,16,7,7,7,L3
69caaef365,4085,male,20 < Age ≤ 30,13,18,13,18,L2
f5fc95231f,41034,male,20 < Age ≤ 30,16,19,8,17,M2
f09c020973,32177,male,20 < Age ≤ 30,11,14,9,7,L1
4f5c327ffe,48667,male,20 < Age ≤ 30,8,7,7,18,M2
462b227bfc,80901,male,20 < Age ≤ 30,10,11,7,16,L1
a90b84f449,68878,male,20 < Age ≤ 30,10,13,11,18,L3
534652cf17,87621,male,20 < Age ≤ 30,9,8,14,13,L1
1ac79ec4e9,53015,male,20 < Age ≤ 30,10,9,10,7,L1
5e91584a3c,72158,male,20 < Age ≤ 30,16,19,16,7,M2
0b8fe5d570,31758,male,20 < Age ≤ 30,16,11,17,12,M1
b7e667aaf0,84746,male,20 < Age ≤ 30,11,14,14,17,M1
f681a028da,51196,male,20 < Age ≤ 30,16,17,16,16,M1
05b4475e2c,52433,male,20 < Age ≤ 30,10,14,18,18,M1
b21dee5fe6,2844,male,20 < Age ≤ 30,9,17,16,18,M2
859d5e3fb1,9598,male,20 < Age ≤ 30,15,11,17,17,L2
1d508bd748,42708,male,20 < Age ≤ 30,12,19,11,20,M2
b96bf5154c,78652,male,20 < Age ≤ 30,15,17,11,11,M1
5d022f96f7,40152,male,20 < Age ≤ 30,20,12,15,13,L2
9a9b5f9c7f,15043,male,20 < Age ≤ 30,20,10,10,14,M1
a04a0252d6,65304,male,20 < Age ≤ 30,15,13,18,10,L3
7890c7a7be,81558,male,20 < Age ≤ 30,16,12,9,8,L3
7548e78c44,40358,male,20 < Age ≤ 30,9,16,16,14,M1
f94a9c8d7f,50998,male,20 < Age ≤ 30,9,9,12,10,L3
611126b472,74179,male,20 < Age ≤ 30,17,18,17,10,L1
e3cee9fa71,44612,male,20 < Age ≤ 30,9,17,8,19,M2
cb2ce905fe,10463,male,20 < Age ≤ 30,13,14,14,14,L1
d298d5f173,33386,male,20 < Age ≤ 30,16,15,8,13,M2
0a953c0ed8,954,male,20 < Age ≤ 30,11,16,7,7,L3
3821282932,72102,male,20 < Age ≤ 30,9,20,12,15,L2
a9c8df8c20,50890,male,20 < Age ≤ 30,19,17,12,18,M1
0bf3a0068c,89321,male,20 < Age ≤ 30,11,19,17,13,M1
c2bac0d16a,46684,male,20 < Age ≤ 30,8,12,16,10,L1
d3b82e0ac0,29509,male,20 < Age ≤ 30,16,12,7,15,M1
910a2efaa7,53258,male,20 < Age ≤ 30,18,14,16,13,L3
a5ea0a2204,15661,male,20 < Age ≤ 30,13,20,10,10,M1
82ad0895f4,6793,male,20 < Age ≤ 30,13,16,19,7,L1
af8cc4a958,47768,male,20 < Age ≤ 30,11,15,8,10,L3
902928df53,21912,male,20 < Age ≤ 30,17,13,20,20,M1
dd74421318,4458,male,20 < Age ≤ 30,14,18,16,10,M1
8043a296b0,96435,male,20 < Age ≤ 30,14,19,17,9,L3
e56c2e6f3d,99941,male,20 < Age ≤ 30,13,11,8,7,M1
f469e24097,11288,male,20 < Age ≤ 30,18,10,14,16,M2
fbe065f446,61318,male,20 < Age ≤ 30,14,20,17,11,L1
acd6f2c13b,30337,male,20 < Age ≤ 30,13,11,14,12,L3
0883ef2efb,60515,male,20 < Age ≤ 30,10,16,14,11,M2
889e0f2e38,49955,male,20 < Age ≤ 30,9,12,10,15,L2
9ce759b6ea,5557,male,20 < Age ≤ 30,15,17,18,15,L3
fa8903e78b,32173,male,20 < Age ≤ 30,18,10,13,20,L1
f4cb727124,40125,male,20 < Age ≤ 30,20,19,12,12,L2
563c290ad4,79959,male,20 < Age ≤ 30,18,12,18,20,M2
5d3f1eba86,9666,male,20 < Age ≤ 30,16,12,12,19,L2
676dc66567,46435,male,20 < Age ≤ 30,15,12,20,9,L1
1d32301bf3,62427,male,20 < Age ≤ 30,9,19,7,10,L3
76620b595c,12174,male,20 < Age ≤ 30,12,16,8,14,L1
effa313dc5,99447,male,20 < Age ≤ 30,9,17,16,10,M1
033405d851,2637,male,20 < Age ≤ 30,8,11,7,17,L2
29c0bd33fb,37439,male,20 < Age ≤ 30,16,12,15,12,M2
2cc01f5903,29924,male,20 < Age ≤ 30,19,10,9,10,M2
405937fa40,51714,male,20 < Age ≤ 30,9,9,16,16,L3
1c133eda15,77738,male,20 < Age ≤ 30,19,14,13,20,L3
f4ce1831d5,16446,male,20 < Age ≤ 30,19,12,12,17,M1
4194bc485b,32850,male,20 < Age ≤ 30,10,11,11,9,M1
ec10c3f268,35117,male,20 < Age ≤ 30,18,7,14,12,L1
35953f1f9f,96565,male,20 < Age ≤ 30,11,10,12,12,L2
f10326c01e,53986,male,20 < Age ≤ 30,20,13,14,14,M2
37be90ad7a,44729,male,20 < Age ≤ 30,9,18,13,9,M1
1a28f0a27f,29479,male,20 < Age ≤ 30,11,17,7,15,M1
e90a9b6385,30862,male,20 < Age ≤ 30,17,14,13,15,L3
67d097891a,40732,male,20 < Age ≤ 30,15,19,14,11,L3
bf8c60be12,40680,male,20 < Age ≤ 30,19,12,13,19,L1
f7c14ab0a4,52974,male,20 < Age ≤ 30,17,18,10,12,L1
896a887fa6,7598,male,20 < Age ≤ 30,14,13,15,13,L2
a4c3320d90,59110,male,20 < Age ≤ 30,10,7,10,14,L1
afb7f9a698,19219,male,20 < Age ≤ 30,19,10,7,11,L3
25789b3dfa,25505,male,20 < Age ≤ 30,12,16,18,8,M1
4610fb2896,9320,male,20 < Age ≤ 30,14,16,20,11,M1
30d8177f39,62799,male,20 < Age ≤ 30,15,18,9,10,L3
f67fa756c7,25168,male,20 < Age ≤ 30,7,7,17,17,M1
ac843849b3,52716,male,20 < Age ≤ 30,7,17,19,15,L1
244ad39fe2,70589,male,20 < Age ≤ 30,7,19,20,11,M1
4359a72fff,54405,male,20 < Age ≤ 30,10,19,15,19,L3
a3de28103c,9620,male,20 < Age ≤ 30,19,12,20,10,L3
a3b81b1e03,13127,male,20 < Age ≤ 30,7,8,17,18,L2
7df559af2a,6478,male,20 < Age ≤ 30,14,12,11,12,L1
304e89bc4c,84391,male,20 < Age ≤ 30,13,14,16,7,L2
6859ba3440,14233,male,20 < Age ≤ 30,20,18,7,8,L1
37b28c49b4,34032,male,20 < Age ≤ 30,17,12,12,11,L2
28732ef98d,95096,male,20 < Age ≤ 30,20,7,7,12,M2
c189fc9c71,35799,male,20 < Age ≤ 30,10,17,17,20,M2
54fa590acc,42698,male,20 < Age ≤ 30,13,18,12,14,M2
8d28b7edb2,28221,male,20 < Age ≤ 30,7,9,7,11,M2
c547fe2a6c,54422,male,20 < Age ≤ 30,18,12,16,20,M1
21e015fae4,37961,male,20 < Age ≤ 30,14,20,19,19,L3
3f7f24bc1c,9490,male,20 < Age ≤ 30,10,19,9,16,M1
3f1e3cd99d,25155,male,20 < Age ≤ 30,10,20,10,9,M1
8c47fb90f9,9389,male,20 < Age ≤ 30,8,8,16,20,L2
3b7c4b247d,29622,male,20 < Age ≤ 30,13,9,9,18,M1
62c8e08a12,73506,male,20 < Age ≤ 30,15,12,14,10,M2
6570b483a9,74842,male,20 < Age ≤ 30,9,12,19,14,L3
bdd57fd098,67573,male,20 < Age ≤ 30,13,9,12,20,L1
748b62eb15,25133,male,20 < Age ≤ 30,7,10,9,20,M1
5d45e5db12,96557,male,20 < Age ≤ 30,12,7,14,8,M1
c06c4a3292,45314,male,20 < Age ≤ 30,10,9,9,18,M2
f7a7904ed2,98238,male,20 < Age ≤ 30,15,10,19,12,M1
7c8c93d8f7,54035,male,20 < Age ≤ 30,15,20,13,13,M2
7ecb22520b,39707,male,20 < Age ≤ 30,15,18,8,10,M2
8edac10fc5,31245,male,20 < Age ≤ 30,19,19,7,13,L2
d8dcb8a82b,27860,male,20 < Age ≤ 30,16,16,8,10,M2
edfc03a15a,7958,male,20 < Age ≤ 30,16,17,7,20,L3
56399a85f9,52191,male,20 < Age ≤ 30,12,14,15,16,L2
d1c759a56c,2772,male,20 < Age ≤ 30,17,18,16,19,L1
4f14dbce92,73554,male,20 < Age ≤ 30,11,8,17,13,M2
d311f8e1da,56515,male,20 < Age ≤ 30,12,18,7,12,L3
752e8a674f,5893,male,20 < Age ≤ 30,20,17,10,18,M1
5d20d32005,97818,male,20 < Age ≤ 30,9,11,15,14,L3
c532782087,14460,male,20 < Age ≤ 30,13,17,17,11,L3
5b11832946,84473,male,20 < Age ≤ 30,7,7,17,16,M1
83cafd6d0d,16655,male,20 < Age ≤ 30,18,11,12,11,L3
d62676e316,72571,male,20 < Age ≤ 30,12,8,10,10,M1
482d2853e7,23889,male,20 < Age ≤ 30,15,7,14,11,M1
38319845de,4368,male,20 < Age ≤ 30,11,20,16,15,M1
37e0edb5a3,59046,male,20 < Age ≤ 30,15,9,16,7,M2
66f50fd576,36613,male,20 < Age ≤ 30,18,8,20,17,L3
968b7b5287,14110,male,20 < Age ≤ 30,13,17,12,16,L3
5d1a6aad44,48033,male,20 < Age ≤ 30,11,19,7,19,M1
5ccde5d2ee,43892,male,20 < Age ≤ 30,17,15,15,11,L2
73604db369,93061,male,20 < Age ≤ 30,9,18,8,8,M1
7f5fa08f10,2867,male,20 < Age ≤ 30,19,8,15,8,M1
015d775875,79454,male,20 < Age ≤ 30,16,16,9,15,M1
09754372c1,21388,male,20 < Age ≤ 30,16,15,7,15,M1
8108e6e7d9,43719,male,20 < Age ≤ 30,20,11,9,19,M2
ab82d83e01,23996,male,20 < Age ≤ 30,13,11,16,11,M2
5a9e19aaa0,88368,male,20 < Age ≤ 30,9,18,15,9,M1
b8311372c7,94673,male,20 < Age ≤ 30,17,20,18,11,L3
52958549c2,4169,male,20 < Age ≤ 30,8,12,10,13,L1
bcf9a21ae6,51555,male,20 < Age ≤ 30,10,13,20,8,M2
f74612fbfe,51877,male,20 < Age ≤ 30,9,12,12,18,M1
3250b37fa8,4139,male,20 < Age ≤ 30,10,11,19,8,M2
f8c844405e,46202,male,20 < Age ≤ 30,15,7,18,13,L1
dd2e030598,26378,male,20 < Age ≤ 30,15,20,8,14,M2
cd341de512,62336,male,20 < Age ≤ 30,20,10,10,14,L3
3ef237f8ac,6480,male,20 < Age ≤ 30,15,16,15,15,M2
d2d4fbb903,42021,male,20 < Age ≤ 30,16,14,11,15,L3
6c2e9a87c2,9865,male,20 < Age ≤ 30,12,17,17,11,L1
912cf8c453,73316,male,20 < Age ≤ 30,12,18,15,18,L1
998b72ba1d,87150,male,20 < Age ≤ 30,12,16,10,18,L2
109c18e132,78963,male,20 < Age ≤ 30,11,7,12,20,L2
68029d3bf7,79611,male,20 < Age ≤ 30,12,16,10,12,M1
6edccd4fdd,6342,male,20 < Age ≤ 30,10,15,19,20,L1
852822da83,50498,male,20 < Age ≤ 30,11,8,7,19,L2
854a8a6065,64323,male,20 < Age ≤ 30,18,12,11,16,L3
5a560e145a,53628,male,20 < Age ≤ 30,19,19,16,15,L1
e269e94503,55735,male,20 < Age ≤ 30,17,19,12,16,L1
79f9a92385,17682,male,20 < Age ≤ 30,16,11,18,16,M2
63f5198438,73735,male,20 < Age ≤ 30,20,15,13,9,M1
8d2552b267,28738,male,20 < Age ≤ 30,11,20,14,15,L3
c317c9e4c4,77400,male,20 < Age ≤ 30,19,19,13,11,M1
107dce01b6,83599,male,20 < Age ≤ 30,8,14,10,10,L2
a17dbe28e0,47147,male,20 < Age ≤ 30,8,20,11,8,M1
e8c59615b3,15051,male,20 < Age ≤ 30,11,11,15,17,L1
1c15e20317,2873,male,20 < Age ≤ 30,17,19,19,15,L3
60c643c0f3,88047,male,20 < Age ≤ 30,15,11,13,12,L3
49aacdf061,25694,male,20 < Age ≤ 30,12,10,9,19,L1
5bc00b13ef,75422,male,20 < Age ≤ 30,20,14,10,16,M2
817adc7b11,969,male,20 < Age ≤ 30,15,10,14,14,M1
0e0962323e,68428,male,20 < Age ≤ 30,11,15,10,15,L3
231d672b01,81252,male,20 < Age ≤ 30,19,9,19,19,M1
b7ba75cbfc,87360,male,20 < Age ≤ 30,12,9,8,7,L3
d1093a75bb,14254,male,20 < Age ≤ 30,7,16,19,18,M1
749e8eb72f,20023,male,20 < Age ≤ 30,13,10,16,11,L3
8379533699,95896,male,20 < Age ≤ 30,16,8,16,13,M2
ee6dc90ff6,17039,male,20 < Age ≤ 30,9,8,12,16,M1
8ce4ffa264,3713,male,20 < Age ≤ 30,12,18,8,16,M2
9aad5a1898,81790,male,20 < Age ≤ 30,18,13,7,8,L2
b8beb96207,57096,male,20 < Age ≤ 30,20,20,16,18,M1
f0efbb85f4,96014,male,20 < Age ≤ 30,18,15,20,10,L1
25c11e5b32,66684,male,20 < Age ≤ 30,11,14,19,8,L1
6090709f58,14450,male,20 < Age ≤ 30,9,17,18,7,L3
4fb80fbfee,67310,male,20 < Age ≤ 30,13,14,17,9,M2
5384225c16,36541,male,20 < Age ≤ 30,16,12,18,17,M2
f034d7e2de,6192,male,20 < Age ≤ 30,12,20,12,19,M2
242cf6b028,3238,male,20 < Age ≤ 30,20,12,20,9,M1
71d4b76ad5,43741,male,20 < Age ≤ 30,7,7,9,9,M2
b0d890b8ea,70443,male,20 < Age ≤ 30,10,12,12,16,M1
1cf7dd7b5a,12272,male,20 < Age ≤ 30,19,15,19,19,L2
5f04e03605,25792,male,20 < Age ≤ 30,10,19,11,8,L2
50128b8194,1408,male,20 < Age ≤ 30,20,16,7,17,M1
61f50bd507,16588,male,20 < Age ≤ 30,10,8,12,14,M2
bcd5ebb76c,5821,male,20 < Age ≤ 30,19,10,20,18,L1
3b5e0a907f,56075,male,20 < Age ≤ 30,11,9,10,9,L3
60e8a38e35,40736,male,20 < Age ≤ 30,17,9,9,18,M2
b2001cc2bb,61196,male,20 < Age ≤ 30,14,20,18,10,L3
0bc290f9a1,39578,male,20 < Age ≤ 30,16,12,16,18,L2
6898d073cf,1347,male,20 < Age ≤ 30,14,15,20,16,L3
d0a5682db0,5392,male,20 < Age ≤ 30,16,19,14,8,M2
d7b41f2cb2,73280,male,20 < Age ≤ 30,19,12,20,18,M1
33bb7fb805,84438,male,20 < Age ≤ 30,9,10,20,16,M1
984bf97542,43511,male,20 < Age ≤ 30,14,12,9,9,L3
e065a1f748,19515,male,20 < Age ≤ 30,18,19,7,17,M2
921f7b8ea5,8576,male,20 < Age ≤ 30,7,7,20,17,L1
2e823256cc,2631,male,20 < Age ≤ 30,10,10,14,8,M1
7d7230a375,19032,male,20 < Age ≤ 30,16,7,8,9,M2
415e93fd09,40399,male,20 < Age ≤ 30,18,11,11,9,L3
3ef7ea00fc,85575,male,20 < Age ≤ 30,9,17,20,19,M2
dac8e6b60e,12951,male,20 < Age ≤ 30,13,11,11,18,L1
8399bbc70a,95876,male,20 < Age ≤ 30,12,16,14,16,L3
8888de24ce,98475,male,20 < Age ≤ 30,20,17,12,18,L2
8eddfdcc1a,44733,male,20 < Age ≤ 30,13,11,11,18,M2
28522b62c9,57015,male,20 < Age ≤ 30,14,13,9,11,L3
555e24498f,75101,male,20 < Age ≤ 30,16,17,10,16,M2
4049c44733,73503,male,20 < Age ≤ 30,16,15,12,15,M2
7d9b6fe7f9,33445,male,20 < Age ≤ 30,8,8,16,10,M2
1ac4bfe08c,29610,male,20 < Age ≤ 30,20,15,9,7,L1
25cceac917,86760,male,20 < Age ≤ 30,13,20,10,13,M1
585d9bcddb,87948,male,20 < Age ≤ 30,15,13,13,13,L3
c81a6bc7fc,19061,male,20 < Age ≤ 30,7,13,10,9,L3
8d93644a16,39347,male,20 < Age ≤ 30,20,18,18,12,L3
163bc3a6ff,68398,male,20 < Age ≤ 30,11,17,16,9,L2
20e4df985e,9189,male,20 < Age ≤ 30,10,13,7,19,L1
e7acfda536,8009,male,20 < Age ≤ 30,16,11,12,14,M2
fdf5b592af,43137,male,20 < Age ≤ 30,14,15,12,15,M2
b40ad4281e,1075,male,20 < Age ≤ 30,20,17,8,16,L1
3e0c6e1394,4760,male,20 < Age ≤ 30,7,10,19,13,M1
964b5fcf72,26380,male,20 < Age ≤ 30,20,10,10,17,L3
7e53979e84,4930,male,20 < Age ≤ 30,19,12,8,7,M2
4f539d88aa,68106,male,20 < Age ≤ 30,12,12,14,14,L2
fa6be5a4c6,90795,male,20 < Age ≤ 30,8,15,13,11,L3
f35d8e1fe1,41859,male,20 < Age ≤ 30,10,18,20,10,L2
45dd9a6f85,88518,male,20 < Age ≤ 30,7,11,14,11,M1
2b30a1ed6b,66310,male,20 < Age ≤ 30,8,8,14,14,M2
0235c7c070,93555,male,20 < Age ≤ 30,10,14,13,17,L3
8f80f7ab5f,53527,male,20 < Age ≤ 30,14,13,14,20,M1
a21207e35c,97021,male,20 < Age ≤ 30,16,9,10,20,M2
c0de407e39,79224,male,20 < Age ≤ 30,9,12,20,7,M1
e2e9f08957,90485,male,20 < Age ≤ 30,11,11,16,18,L3
a494556348,77363,male,20 < Age ≤ 30,16,13,7,12,M1
4ebc61ea9e,75572,male,20 < Age ≤ 30,20,10,9,19,M2
78f2925fc4,17336,male,20 < Age ≤ 30,10,8,14,7,L1
877a865096,79588,male,20 < Age ≤ 30,7,7,20,8,M1
35f88a26b5,32089,male,20 < Age ≤ 30,11,15,18,9,M2
88a1a3c14d,58009,male,20 < Age ≤ 30,19,8,15,14,L2
5fbfb90c64,35428,male,20 < Age ≤ 30,9,16,8,19,M1
2d301c4d21,57977,male,20 < Age ≤ 30,14,20,20,16,L1
4eaf26d8ad,87367,male,20 < Age ≤ 30,9,10,20,9,L1
86a0bc19dc,18285,male,20 < Age ≤ 30,17,11,15,19,L1
3e257ee1fa,87901,male,20 < Age ≤ 30,18,13,16,16,L1
0da8538355,86780,male,20 < Age ≤ 30,19,17,17,19,L3
7af519f3b7,53915,male,20 < Age ≤ 30,9,9,11,8,M1
22f32feb76,99184,male,20 < Age ≤ 30,11,20,9,9,L1
e817ff3089,44107,male,20 < Age ≤ 30,20,11,16,11,L1
3da4eff1ba,16864,male,20 < Age ≤ 30,12,9,11,20,M2
c15f14d42c,99057,male,20 < Age ≤ 30,18,11,19,18,L3
22809bd5ff,50095,male,20 < Age ≤ 30,18,20,12,11,M1
0619d5604a,22761,male,20 < Age ≤ 30,19,14,17,8,L3
0947b2bd8c,87094,male,20 < Age ≤ 30,19,15,15,15,L3
36f1bb768a,60920,male,20 < Age ≤ 30,15,16,9,19,M1
20e391fb18,11840,male,20 < Age ≤ 30,17,10,9,9,M1
cd9dfde182,39343,male,20 < Age ≤ 30,11,8,15,19,L2
c45ea9b554,65797,male,20 < Age ≤ 30,19,13,9,19,L2
11b76efd3c,99572,male,20 < Age ≤ 30,15,15,19,10,M1
5597e9426b,44033,male,20 < Age ≤ 30,20,11,8,12,L3
9de0bf7284,41845,male,20 < Age ≤ 30,20,13,20,13,L1
e3765a925d,64877,male,20 < Age ≤ 30,16,10,13,18,L3
9ffcaf016a,3763,male,20 < Age ≤ 30,10,18,18,19,L2
b96403bf3e,78466,male,20 < Age ≤ 30,8,11,13,13,M2
ae807a8428,37234,male,20 < Age ≤ 30,19,17,10,16,L2
8110365b37,22854,male,20 < Age ≤ 30,7,8,8,20,M2
16fdd9c1b7,43912,male,20 < Age ≤ 30,16,18,17,8,L2
e8e5a3a0ee,21055,male,20 < Age ≤ 30,19,17,14,11,M1
e1af8d13b8,92310,male,20 < Age ≤ 30,8,17,8,8,L2
addecc8c53,52017,male,20 < Age ≤ 30,16,9,19,20,M2
5d26ba14a0,10315,male,20 < Age ≤ 30,10,14,16,8,M1
d43bdc58bb,88007,male,20 < Age ≤ 30,12,18,10,10,M1
40d16cbff5,69032,male,20 < Age ≤ 30,19,8,12,12,L3
b117f962d2,90514,male,20 < Age ≤ 30,10,17,15,14,L2
bb3c114277,25667,male,20 < Age ≤ 30,11,13,11,9,L2
261cac3af7,89805,male,20 < Age ≤ 30,17,19,10,12,L1
52e0c62919,68341,male,20 < Age ≤ 30,8,7,7,7,L2
29cfbc858e,15303,male,20 < Age ≤ 30,12,17,7,14,L2
128784995f,69762,male,20 < Age ≤ 30,19,18,13,12,L1
fc7a544f40,85910,male,20 < Age ≤ 30,18,15,14,16,L3
24d9491173,82254,male,20 < Age ≤ 30,20,18,11,11,L2
8064754a92,74255,male,20 < Age ≤ 30,11,16,18,10,M1
13a13f9287,50265,male,20 < Age ≤ 30,13,16,17,19,L3
e39a668cf1,73129,male,20 < Age ≤ 30,11,7,15,18,M2
cc3be840c4,67703,male,20 < Age ≤ 30,12,11,10,19,L2
3bc643ef91,10183,male,20 < Age ≤ 30,19,7,14,18,L1
83aed9fdd2,35908,male,20 < Age ≤ 30,17,19,16,12,L3
a05ad3b465,79400,male,20 < Age ≤ 30,10,7,13,12,L3
a2e8edcf17,12256,male,20 < Age ≤ 30,12,17,17,20,L1
d1d390c835,85694,male,20 < Age ≤ 30,10,19,17,16,M1
9b3e70a23d,66164,male,20 < Age ≤ 30,17,15,8,19,L1
4cef7238c3,32051,male,20 < Age ≤ 30,16,17,10,17,L1
272a410ff0,95998,male,20 < Age ≤ 30,20,15,16,17,L1
d509736435,68618,male,20 < Age ≤ 30,18,9,18,9,L1
853949ad15,58527,male,20 < Age ≤ 30,15,18,8,13,M1
e848b06217,98517,male,20 < Age ≤ 30,12,19,18,20,L2
4298d8f3fa,13893,male,20 < Age ≤ 30,7,10,20,9,L1
ad3b001fd0,77854,male,20 < Age ≤ 30,16,13,8,12,M1
7ab313b104,11614,male,20 < Age ≤ 30,11,12,14,12,L2
4c92a131a2,56128,male,20 < Age ≤ 30,7,9,15,20,M1
87f4e50bc9,96953,male,20 < Age ≤ 30,14,9,12,19,L2
4403de36f2,45983,male,20 < Age ≤ 30,8,11,20,7,M2
44fae4e951,40172,male,20 < Age ≤ 30,8,10,14,9,L1
a5c4e42c52,91633,male,20 < Age ≤ 30,12,13,16,17,M2
4020cac8ff,94564,male,20 < Age ≤ 30,19,13,10,15,M1
0b3a375292,74447,male,20 < Age ≤ 30,10,18,11,12,L2
9bb9bff824,73797,male,20 < Age ≤ 30,14,20,11,7,M2
c8dd94566f,23753,male,20 < Age ≤ 30,16,19,12,19,L1
369dc79fe9,2952,male,20 < Age ≤ 30,17,15,17,16,L2
fee14f82b6,30263,male,20 < Age ≤ 30,20,13,7,13,L3
e78993ec4b,29186,male,20 < Age ≤ 30,20,8,16,19,M2
c5c61abe73,11220,male,20 < Age ≤ 30,11,16,10,19,L3
868089f739,33852,male,20 < Age ≤ 30,13,20,15,9,L2
56889f703c,6853,male,20 < Age ≤ 30,16,13,17,8,M1
f25e9ec041,60343,male,20 < Age ≤ 30,8,8,13,18,M2
6cd886c7f0,9539,male,20 < Age ≤ 30,20,15,13,18,L2
9dd1a1e555,86012,male,20 < Age ≤ 30,7,7,18,20,M2
0f0648b751,64461,male,20 < Age ≤ 30,20,13,7,20,M2
c9dc07f242,61531,male,20 < Age ≤ 30,20,10,13,16,M1
8b27410251,92943,male,20 < Age ≤ 30,18,15,14,9,L1
b830be4157,74970,male,20 < Age ≤ 30,19,10,12,13,M1
5e2fdbac60,43710,male,20 < Age ≤ 30,17,7,20,12,L2
a865bac38c,98736,male,20 < Age ≤ 30,10,20,20,19,L1
1df9d3a5eb,13604,male,20 < Age ≤ 30,17,10,9,19,M2
e4bf1325e5,7087,male,20 < Age ≤ 30,13,19,8,13,L2
d43b4ab8d7,90281,male,20 < Age ≤ 30,17,16,15,14,L1
ee3704f343,12688,male,20 < Age ≤ 30,10,8,12,20,L2
8ee42e921b,89299,male,20 < Age ≤ 30,15,14,9,11,L2
04c380ecf6,83976,male,20 < Age ≤ 30,7,17,20,17,M2
e9866effe1,20190,male,20 < Age ≤ 30,11,10,20,20,L3
3b1dad21a6,69372,male,20 < Age ≤ 30,12,8,11,17,M1
66a95890bd,4779,male,20 < Age ≤ 30,8,11,20,15,M2
f4351531d2,5091,male,20 < Age ≤ 30,17,9,18,20,M1
e191345325,62243,male,20 < Age ≤ 30,12,17,15,9,M1
09c5031cc3,8272,male,20 < Age ≤ 30,19,7,18,16,M2
456b52570c,47512,male,20 < Age ≤ 30,19,7,12,10,L2
0e4de6e106,20624,male,20 < Age ≤ 30,11,8,9,13,L2
cecff9f3c1,97766,male,20 < Age ≤ 30,20,14,20,10,L3
01a9d8e3ff,79497,male,20 < Age ≤ 30,8,7,12,19,M2
9204637f8d,35583,male,20 < Age ≤ 30,7,18,12,15,M2
9ee5c73e5b,89704,male,20 < Age ≤ 30,9,11,10,17,L1
7bf7b85df2,66516,male,20 < Age ≤ 30,8,14,20,10,L1
d155865aec,9700,male,20 < Age ≤ 30,15,10,7,18,L3
8bfc1646d7,49934,male,20 < Age ≤ 30,18,13,18,18,L1
7374804e00,57148,male,20 < Age ≤ 30,14,17,19,14,L2
e335af20db,22631,male,20 < Age ≤ 30,7,12,13,20,L3
bbc77d1963,38424,male,20 < Age ≤ 30,8,20,19,8,L2
150c04a948,3661,male,20 < Age ≤ 30,14,7,12,19,M1
83a8493ad0,52894,male,20 < Age ≤ 30,11,14,11,12,L3
222ed23bbb,35591,male,20 < Age ≤ 30,12,10,9,8,L1
2688bb8176,84039,male,20 < Age ≤ 30,20,8,20,13,M2
d90f65a6a3,38562,male,20 < Age ≤ 30,9,15,9,14,L3
0d7a1bc28a,42905,male,20 < Age ≤ 30,18,14,7,7,L3
6bbdcf8e92,41432,male,20 < Age ≤ 30,19,17,19,15,M1
81c3264950,29282,male,20 < Age ≤ 30,11,10,15,9,L1
3e5afcd624,10665,male,20 < Age ≤ 30,15,20,14,9,M2
d93c6fe31c,89761,male,20 < Age ≤ 30,13,11,8,17,L3
c80211d3c8,95986,male,20 < Age ≤ 30,17,13,15,17,L2
8fba7d50ed,82884,male,20 < Age ≤ 30,17,9,18,16,L2
df12729715,74202,male,20 < Age ≤ 30,12,9,17,18,L2
f97419d569,79002,male,20 < Age ≤ 30,20,18,17,8,L3
7e5f80b7d5,40094,male,20 < Age ≤ 30,19,19,8,14,L2
6f11e07247,66237,male,20 < Age ≤ 30,15,8,20,11,M2
6458fc6cb0,13026,male,20 < Age ≤ 30,18,20,9,10,M1
8f5e1bca62,87890,male,20 < Age ≤ 30,16,17,9,10,L2
ca6d9a8f1f,78283,male,20 < Age ≤ 30,9,11,13,10,M2
726705e03b,22348,male,20 < Age ≤ 30,7,7,20,14,L3
a69bcf7180,34044,male,20 < Age ≤ 30,16,11,10,17,M1
3cc2b77f1a,2476,male,20 < Age ≤ 30,20,13,18,14,L3
93e41078de,95477,male,20 < Age ≤ 30,10,13,20,14,L3
fddbdd81f4,30720,male,20 < Age ≤ 30,13,19,7,7,M2
7be34828a1,55549,male,20 < Age ≤ 30,16,12,11,14,L2
f74afb2b09,91010,male,Age ≤ 20,10,16,13,19,L2
72bce27b1f,21446,male,Age ≤ 20,17,13,10,12,L1
9867cceecf,70898,male,Age ≤ 20,7,17,12,13,L1
56c898caec,61625,male,Age ≤ 20,11,10,18,9,L3
10b9552740,65367,male,Age ≤ 20,10,10,13,10,L3
ace88ae840,38626,male,Age ≤ 20,14,9,9,12,L2
8d3dce277d,5807,male,Age ≤ 20,7,12,13,15,M2
b4361da1a3,2513,male,Age ≤ 20,20,9,16,18,L1
b2aec45007,7617,male,Age ≤ 20,17,20,10,15,L2
e70e101d3c,57922,male,Age ≤ 20,19,8,14,8,M2
aba9e98421,16306,male,Age ≤ 20,9,12,19,11,L1
81e7ceb556,86883,male,Age ≤ 20,18,16,14,18,M2
658100727d,65457,male,Age ≤ 20,15,18,13,13,M2
a0a2c075f8,7133,male,Age ≤ 20,8,14,17,14,L1
08c3ebda34,49765,male,Age ≤ 20,16,19,16,15,M2
be1737ea59,14895,male,Age ≤ 20,15,17,12,12,M2
bfdee1389b,66046,male,Age ≤ 20,10,19,12,7,M1
a4e05c3cff,5643,male,Age ≤ 20,7,15,9,7,M2
cbbbf201f4,64935,male,Age ≤ 20,20,13,15,12,L1
9f084c56e0,7115,male,Age ≤ 20,7,7,13,16,M2
b7149c5e7d,91594,male,Age ≤ 20,11,9,9,12,L2
9e48292e2d,63816,male,Age ≤ 20,12,17,16,16,M2
b4222cf9d0,79169,male,Age ≤ 20,16,12,16,17,L2
4be822a046,34067,male,Age ≤ 20,16,12,14,18,L2
e27420a2f3,28230,male,Age ≤ 20,13,7,10,9,L3
2a76b49384,7052,male,Age ≤ 20,10,19,14,8,L1
ef80128fc2,15497,male,Age ≤ 20,17,11,19,20,M2
177ca71908,96459,male,Age ≤ 20,12,9,10,8,L2
92ff69b5c6,38583,male,Age ≤ 20,8,13,12,11,M1
ebeb14da38,41468,male,Age ≤ 20,14,8,19,10,L2
4ef58ed7ab,59310,male,Age ≤ 20,19,20,15,15,L2
0ce10043d4,98036,male,Age ≤ 20,20,18,10,17,M2
10cbddc748,1692,male,Age ≤ 20,16,19,8,18,L1
d5280148bc,23329,male,Age ≤ 20,18,12,11,20,L3
d904266fe4,30491,male,Age ≤ 20,16,19,13,18,M1
e6c14798c8,3974,male,Age ≤ 20,12,15,10,16,L2
88339e1fe7,85559,male,Age ≤ 20,15,19,17,19,L2
4519dc2c58,23436,male,Age ≤ 20,20,15,20,15,M2
c89197339c,5059,male,Age ≤ 20,18,13,16,19,L3
ff517729e2,52745,male,Age ≤ 20,19,18,14,16,M1
1ebfd3376c,99691,male,Age ≤ 20,20,9,19,10,L2
50b8ff3567,98569,male,Age ≤ 20,20,17,9,10,L2
7fe17de728,577,male,Age ≤ 20,18,12,8,13,M1
f12b441a0e,66618,male,Age ≤ 20,19,20,8,9,M2
3edd24adac,32466,male,Age ≤ 20,10,12,16,15,L3
b3d8d4c48c,82415,male,Age ≤ 20,20,10,10,16,M1
ee1ae5be83,37424,male,Age ≤ 20,20,12,10,14,L2
86078bf46a,4941,male,Age ≤ 20,8,12,14,19,M2
8f75ab7cd8,11381,male,Age ≤ 20,8,17,19,16,M1
b6886fc3f2,13115,male,Age ≤ 20,10,13,10,16,L1
d30abfc918,97326,male,Age ≤ 20,7,20,9,19,L3
c4117c8458,56402,male,Age ≤ 20,7,12,14,17,L3
7f3869a77c,22286,male,Age ≤ 20,12,14,18,9,M2
4bca69404d,12562,male,Age ≤ 20,15,11,9,13,L2
03cf19458c,47354,male,Age ≤ 20,20,18,9,9,L2
ac4bd109d3,25763,male,Age ≤ 20,16,18,13,14,L3
239bb6dd78,3316,male,Age ≤ 20,18,14,8,9,L2
1fe5524bbc,11864,male,Age ≤ 20,8,19,19,13,M1
4953f6cffa,70025,male,Age ≤ 20,14,13,14,20,L3
34e13c817d,39225,male,Age ≤ 20,17,14,12,13,L2
c898a71b27,27458,male,Age ≤ 20,12,8,15,10,L2
bfc8b43111,47936,male,Age ≤ 20,19,16,14,16,L2
fae25bbb1d,17390,male,Age ≤ 20,12,12,13,9,M1
6438a03c75,32537,male,Age ≤ 20,17,20,8,10,L1
d4f1bbdd77,46076,male,Age ≤ 20,8,11,16,7,L3
a95a478208,12330,male,Age ≤ 20,11,16,15,16,L1
c5ab30ef52,1820,male,Age ≤ 20,18,11,18,15,M2
55d0a1f7ec,91987,male,Age ≤ 20,8,17,16,9,M1
eedaae859e,61596,male,Age ≤ 20,19,7,18,18,M2
9af7d525fd,59402,male,Age ≤ 20,11,12,20,9,L2
3581fbaed2,6338,male,Age ≤ 20,12,19,11,12,M2
3e267552a3,33659,male,Age ≤ 20,16,8,19,11,L2
70775d64c9,96522,male,Age ≤ 20,16,7,9,8,L1
4747815f68,85764,male,Age ≤ 20,14,13,15,9,M2
eda9a30710,56599,male,Age ≤ 20,11,16,10,12,L2
4142f55cc6,884,male,Age ≤ 20,15,7,18,8,L3
3e2b2eb874,59477,male,Age ≤ 20,17,17,14,18,M2
8c7464a403,57967,male,Age ≤ 20,12,8,12,11,L1
82062a65c1,27798,male,Age ≤ 20,20,18,10,18,M1
c5c6961996,31009,male,Age ≤ 20,9,10,16,11,M1
f87d14bf38,8987,male,Age ≤ 20,17,17,13,13,M1
8b0d4a6e3c,96068,male,Age ≤ 20,17,8,16,7,L1
4e0e100e3b,7560,male,Age ≤ 20,12,17,14,15,L1
c69514c313,8162,male,Age ≤ 20,11,17,20,8,L2
78c679e19e,2841,male,Age ≤ 20,12,11,18,15,L3
83038f1623,2481,male,Age ≤ 20,19,17,18,12,L1
5fc884ff87,33787,male,Age ≤ 20,16,19,19,20,L1
50f91108a6,1393,male,Age ≤ 20,14,8,14,14,M2
4009d599a0,96455,male,Age ≤ 20,12,19,12,19,L3
1eb4625173,27578,male,Age ≤ 20,11,19,8,10,M2
4768765810,49185,male,Age ≤ 20,18,8,14,8,L3
8241be19cb,982,male,Age ≤ 20,16,15,8,16,M2
e6d3b7c60c,58895,male,Age ≤ 20,8,14,11,20,L2
f10503974e,30811,male,Age ≤ 20,10,11,15,19,L3
60f5d8064b,58741,male,Age ≤ 20,16,17,17,18,L1
458498bc71,14379,male,Age ≤ 20,7,14,11,17,L1
efda9e7cd4,54689,male,Age ≤ 20,10,14,16,16,M1
d84d30c469,13270,male,Age ≤ 20,12,15,9,18,L3
a3e7c5399d,543,male,Age ≤ 20,10,14,12,9,M1
7253d876d8,66476,male,Age ≤ 20,11,11,13,15,L2
6fc06f3ef8,77471,male,Age ≤ 20,14,18,12,17,M2
af722afe25,49249,male,Age ≤ 20,11,16,19,16,M2
d7979dfb12,48192,male,Age ≤ 20,18,8,10,14,L2
0d56c0f03d,10996,female,20 < Age ≤ 30,10,12,9,14,L3
bcc6ac004e,40642,female,20 < Age ≤ 30,8,10,11,11,M2
8fdf7cc662,39777,female,20 < Age ≤ 30,16,7,20,7,M2
c3832e357c,64992,female,20 < Age ≤ 30,17,20,15,19,M1
af48142411,89442,female,20 < Age ≤ 30,16,17,8,13,M1
241091f879,57668,female,20 < Age ≤ 30,14,18,20,12,L3
2ffcd12ae2,83262,female,20 < Age ≤ 30,9,18,9,7,L3
830f4d632a,95550,female,20 < Age ≤ 30,12,10,12,18,M2
7736eb134d,51027,female,20 < Age ≤ 30,8,17,16,16,L1
2f68b89ca2,53416,female,20 < Age ≤ 30,15,8,11,10,M2
9f05fe42bb,19786,female,20 < Age ≤ 30,9,7,10,10,M1
810ad0d0cf,24322,female,20 < Age ≤ 30,7,19,18,19,M1
94e58af311,87408,female,20 < Age ≤ 30,7,18,15,15,L1
71f4182083,4821,female,20 < Age ≤ 30,9,16,19,19,L2
09f18e195e,2477,female,20 < Age ≤ 30,17,9,9,15,L3
f33bb77136,83448,female,20 < Age ≤ 30,16,7,14,13,L2
5a37983540,77023,female,20 < Age ≤ 30,18,9,20,19,M1
daf872193a,78555,female,20 < Age ≤ 30,13,8,20,8,M2
7865fcf2cf,23167,female,20 < Age ≤ 30,9,19,18,18,L2
715e9bb340,7826,female,20 < Age ≤ 30,10,16,17,8,L2
342fd50fda,77552,female,20 < Age ≤ 30,15,20,15,17,L1
17d74d0bd9,2569,female,20 < Age ≤ 30,8,19,16,17,M2
13435b2c03,7973,female,20 < Age ≤ 30,12,9,11,11,L1
24d7af4b3a,95933,female,20 < Age ≤ 30,20,10,8,16,L2
730f2a988c,82537,female,20 < Age ≤ 30,11,8,9,12,L1
697c44a65c,10174,female,20 < Age ≤ 30,17,7,18,10,L3
7ff7724e88,64924,female,20 < Age ≤ 30,14,15,10,9,M2
a8e38a4d20,24708,female,20 < Age ≤ 30,11,14,11,14,L3
15a7a15f1f,64033,female,20 < Age ≤ 30,13,17,18,7,L1
245eb645f1,18175,female,20 < Age ≤ 30,7,17,8,14,M2
793fb7a871,82658,female,20 < Age ≤ 30,20,13,18,17,L3
1bfbab7470,50315,female,20 < Age ≤ 30,13,18,15,15,L1
6a13e00a33,25356,female,20 < Age ≤ 30,14,11,20,14,M1
e54c8150a7,623,female,20 < Age ≤ 30,15,9,7,17,M1
33e1f0b143,99034,female,20 < Age ≤ 30,16,8,11,8,L3
2dc986bdab,40186,female,20 < Age ≤ 30,11,15,14,15,L2
a9de1b8a51,60501,female,20 < Age ≤ 30,10,11,7,15,L1
0c1cfcf86a,54800,female,20 < Age ≤ 30,19,20,8,18,L3
0ae8334a75,49186,female,20 < Age ≤ 30,8,18,8,16,M1
6b898f2e1a,34269,female,20 < Age ≤ 30,16,18,13,12,L1
fadf178a1a,69321,female,20 < Age ≤ 30,20,15,8,11,L3
73f4d951b8,90714,female,20 < Age ≤ 30,13,7,19,7,L2
3decbe2b2b,1913,female,20 < Age ≤ 30,13,16,13,16,M1
c9eb158ec5,37042,female,20 < Age ≤ 30,12,9,13,12,M1
0a0c6798d2,50355,female,20 < Age ≤ 30,13,10,17,20,L2
5d1b217f9c,59051,female,20 < Age ≤ 30,10,19,20,9,L2
63bf9554c5,36958,female,20 < Age ≤ 30,7,7,18,13,L1
a27a55f7f1,66759,female,20 < Age ≤ 30,20,16,13,9,L3
1dec100cbd,28442,female,20 < Age ≤ 30,13,10,17,16,M2
b8215e221b,6166,female,20 < Age ≤ 30,16,12,11,18,M2
44cab401e5,44949,female,20 < Age ≤ 30,10,13,20,9,L1
dce4e2ce41,16193,female,20 < Age ≤ 30,9,17,14,14,M1
db102c7ced,70023,female,20 < Age ≤ 30,7,20,10,7,L2
fe77c91c49,76331,female,20 < Age ≤ 30,7,13,9,18,M1
d1e575ca33,47189,female,20 < Age ≤ 30,12,20,9,9,M1
95791bfce7,36548,female,20 < Age ≤ 30,18,17,11,19,L1
659399933b,73382,female,20 < Age ≤ 30,19,18,12,10,L2
6c2aabc665,29982,female,20 < Age ≤ 30,20,13,17,11,M2
966d567088,18812,female,20 < Age ≤ 30,9,11,8,8,L3
533d965f32,13989,female,20 < Age ≤ 30,8,17,16,10,M1
da2f6b55f3,27174,female,20 < Age ≤ 30,9,8,14,15,L3
78bc8f896b,25976,female,20 < Age ≤ 30,7,16,17,14,M2
ef0c31b814,72650,female,20 < Age ≤ 30,19,9,11,17,L1
47574b4907,13210,female,20 < Age ≤ 30,12,18,10,9,M2
ad85545b55,18547,female,20 < Age ≤ 30,12,9,16,8,M1
0bc91d7906,47703,female,20 < Age ≤ 30,12,20,12,16,L1
4ab009702f,66051,female,20 < Age ≤ 30,16,18,20,14,L2
1337a84746,28232,female,20 < Age ≤ 30,10,10,19,7,M2
1b11caf78c,17269,female,20 < Age ≤ 30,16,15,14,18,L1
12a5e6c26c,95413,female,20 < Age ≤ 30,16,19,13,17,L2
d8951bb6e9,51966,female,20 < Age ≤ 30,12,9,8,7,L1
a07ef39763,86804,female,20 < Age ≤ 30,10,19,7,17,L2
cf481b4f4a,52068,female,20 < Age ≤ 30,14,19,12,12,M1
729c4c22d6,98223,female,20 < Age ≤ 30,14,20,7,13,L3
0e399a02ca,80100,female,20 < Age ≤ 30,18,14,8,20,L1
e935caa0ce,63741,female,20 < Age ≤ 30,13,9,12,20,L1
1498616ccd,82034,female,20 < Age ≤ 30,7,10,12,12,L2
5b802dfdf8,97552,female,20 < Age ≤ 30,12,11,20,7,L2
9b12f98306,21833,female,20 < Age ≤ 30,12,7,17,17,L1
0d8f461b63,85285,female,20 < Age ≤ 30,17,19,9,17,L1
15f376801b,8546,female,20 < Age ≤ 30,10,17,15,12,L3
8c7e008340,57345,female,20 < Age ≤ 30,16,13,9,14,L3
4246c5a69b,22214,female,20 < Age ≤ 30,7,16,14,8,M1
fd69b0ad72,94720,female,20 < Age ≤ 30,9,16,20,16,M1
604db056d3,2841,female,20 < Age ≤ 30,19,18,12,20,M1
8a2f9c6de6,24583,female,20 < Age ≤ 30,15,10,19,14,M2
13a6c5a687,40537,female,20 < Age ≤ 30,14,8,14,7,L2
26865e35c5,10170,female,20 < Age ≤ 30,14,17,20,14,L3
dbb9ab49f7,69501,female,20 < Age ≤ 30,7,8,18,16,L3
d19f00d601,12721,female,20 < Age ≤ 30,9,7,15,9,M1
a0f1a320d8,78429,female,20 < Age ≤ 30,17,19,9,20,M2
e86633c3e5,71160,female,20 < Age ≤ 30,11,14,13,7,M2
eb19d2f142,38241,female,20 < Age ≤ 30,13,11,12,20,M1
59142009ce,11435,female,20 < Age ≤ 30,9,12,13,8,L3
491e66c73c,74745,female,20 < Age ≤ 30,15,11,10,13,M2
c5c1f2a7cf,89977,female,20 < Age ≤ 30,9,11,8,11,L3
065579011e,17200,female,20 < Age ≤ 30,13,11,12,11,L2
6162ea04e5,21682,female,20 < Age ≤ 30,16,15,19,16,L2
2c406cdcf8,26707,female,20 < Age ≤ 30,14,12,12,16,M2
778bfec125,47914,female,20 < Age ≤ 30,7,8,18,13,L2
3da096a89f,46622,female,20 < Age ≤ 30,11,13,7,15,L3
afb5cdbd3e,33368,female,20 < Age ≤ 30,19,20,11,13,L1
ed4787d80c,68762,female,20 < Age ≤ 30,16,9,18,12,L3
a8aaff8105,42341,female,20 < Age ≤ 30,18,16,19,10,L2
e0429c45f8,180,female,20 < Age ≤ 30,13,15,18,10,L1
c7a8803aae,68985,female,20 < Age ≤ 30,10,7,19,9,L3
a78a247423,14916,female,20 < Age ≤ 30,19,7,15,11,L3
79027e53b9,24947,female,20 < Age ≤ 30,11,7,15,9,L3
fc4929d017,20525,female,20 < Age ≤ 30,17,8,19,17,L2
5d824143d7,20161,female,20 < Age ≤ 30,18,11,20,8,L3
f12b289786,75167,female,20 < Age ≤ 30,10,9,10,19,L2
07f7a88fbf,92308,female,20 < Age ≤ 30,9,8,12,7,L2
4c494c999d,72039,female,20 < Age ≤ 30,11,7,10,11,L2
5f04ff1307,75960,female,20 < Age ≤ 30,10,20,9,20,M1
ce115b8e9a,33267,female,20 < Age ≤ 30,13,13,11,12,M1
125f057b64,47123,female,20 < Age ≤ 30,9,15,9,9,M2
10398555a3,14660,female,20 < Age ≤ 30,11,14,7,19,M1
0856b0329c,3974,female,20 < Age ≤ 30,8,8,20,8,L2
e146e80096,71478,female,20 < Age ≤ 30,7,11,20,20,L2
b5bc010007,93980,female,20 < Age ≤ 30,7,17,7,14,M2
5c9cfbf2f3,47138,female,20 < Age ≤ 30,17,15,13,10,M1
9bd76bf24a,81148,female,20 < Age ≤ 30,20,19,18,12,L3
160a6532ac,85303,female,20 < Age ≤ 30,15,10,17,20,M1
a5699a5981,65000,female,20 < Age ≤ 30,12,9,20,15,M1
b4b18ec6ce,71779,female,20 < Age ≤ 30,20,14,8,15,L2
9c824e6ecb,92875,female,20 < Age ≤ 30,17,12,10,7,L2
9ef24bb772,67694,female,20 < Age ≤ 30,18,18,14,13,M1
c140a2fb53,43253,female,20 < Age ≤ 30,19,17,7,12,L3
d6f23bb14b,31372,female,20 < Age ≤ 30,9,11,14,10,L3
a29e59d1e3,12440,female,20 < Age ≤ 30,9,16,10,14,M1
661f0e5219,65607,female,20 < Age ≤ 30,7,9,7,15,L3
e612af8ca8,66941,female,20 < Age ≤ 30,8,8,7,17,L3
d9bb2023d1,37895,female,20 < Age ≤ 30,12,18,10,19,L1
3e57ebd9d8,41237,female,20 < Age ≤ 30,18,12,14,13,L2
c1c4b19356,51272,female,20 < Age ≤ 30,12,8,18,16,L3
4572ea7e68,32410,female,20 < Age ≤ 30,17,17,16,19,M2
f8c935a30b,41520,female,20 < Age ≤ 30,8,19,18,12,L3
66e9d829af,33484,female,20 < Age ≤ 30,9,11,9,14,M1
d932efb640,1561,female,20 < Age ≤ 30,17,11,14,18,L3
3d7b0d446f,44134,female,20 < Age ≤ 30,20,11,8,11,L3
b1352b1332,655,female,20 < Age ≤ 30,14,12,11,9,M2
898d507c2b,31929,female,20 < Age ≤ 30,19,18,20,20,L2
b430b0f360,68794,female,20 < Age ≤ 30,19,18,13,9,L1
e55f3fd230,99420,female,20 < Age ≤ 30,12,8,19,18,L2
f62634a30d,56729,female,20 < Age ≤ 30,9,17,15,15,L1
d427e037ee,77109,female,20 < Age ≤ 30,17,14,19,13,L1
3d1fd85f9c,69030,female,20 < Age ≤ 30,11,19,10,15,L3
a7396b6462,20002,female,20 < Age ≤ 30,17,8,17,19,M1
58503047f3,40819,female,20 < Age ≤ 30,9,18,10,7,L2
319e32e578,86400,female,20 < Age ≤ 30,20,11,16,14,M2
839cbd8f60,45337,female,20 < Age ≤ 30,7,12,7,9,M2
435f797726,12398,female,20 < Age ≤ 30,19,20,12,13,M1
71b4217a87,86481,female,20 < Age ≤ 30,11,19,13,14,M1
85368fc992,64620,female,20 < Age ≤ 30,14,14,17,8,L2
2256219fda,95220,female,20 < Age ≤ 30,14,10,10,9,M2
c6d2ab4428,2321,female,20 < Age ≤ 30,19,15,12,14,M1
058fd364af,63030,female,20 < Age ≤ 30,16,9,9,20,L1
93d7558c34,36777,female,20 < Age ≤ 30,14,11,16,12,L3
3e5be315a9,8819,female,20 < Age ≤ 30,19,18,11,13,M1
98dfb2798b,79370,female,20 < Age ≤ 30,7,20,11,18,L1
aaef54d18e,20730,female,20 < Age ≤ 30,17,17,9,14,L1
f4e809f901,1943,female,20 < Age ≤ 30,10,14,17,9,L3
1802f3d51f,52757,female,20 < Age ≤ 30,12,11,16,17,L3
c5b24295e7,72497,female,20 < Age ≤ 30,15,20,10,10,M1
2fcb76b897,9853,female,20 < Age ≤ 30,15,7,14,13,L2
57a91e5f1d,53096,female,20 < Age ≤ 30,10,9,8,12,L1
43d56b194e,15837,female,20 < Age ≤ 30,18,14,12,7,L2
751cf886c2,24959,female,20 < Age ≤ 30,11,16,16,16,L2
e307b50de6,60632,female,20 < Age ≤ 30,14,18,12,9,M1
748b07eb0e,70440,female,20 < Age ≤ 30,13,13,7,14,L1
376e82cb41,61876,female,20 < Age ≤ 30,14,9,15,13,M2
765baa1cb5,82783,female,20 < Age ≤ 30,8,11,9,15,M1
47deede7dc,45052,female,20 < Age ≤ 30,13,15,19,17,L3
66efb4c3b5,88577,female,20 < Age ≤ 30,10,9,8,8,M2
901c1ff68c,31313,female,20 < Age ≤ 30,7,8,20,9,M2
44313ba6f7,24709,female,20 < Age ≤ 30,12,19,8,9,L1
0a88a14c7c,7988,female,20 < Age ≤ 30,10,12,11,7,M1
a4d06581b8,7945,female,20 < Age ≤ 30,20,10,16,11,M1
aea7391ed1,18237,female,20 < Age ≤ 30,18,8,12,12,M2
4c2e0a3caf,75310,female,20 < Age ≤ 30,16,17,18,12,L1
a9d3e6ce18,57896,female,20 < Age ≤ 30,11,14,10,17,L1
29075c320b,1962,female,20 < Age ≤ 30,20,10,10,10,L2
c622c41bd6,87485,female,20 < Age ≤ 30,17,10,20,9,L3
a25171350c,68975,female,20 < Age ≤ 30,14,17,13,16,M2
8e5481f738,86702,female,20 < Age ≤ 30,14,12,10,14,L1
3d2aee08ff,1821,female,20 < Age ≤ 30,20,11,19,18,M1
ac3dc17c06,16877,female,20 < Age ≤ 30,16,13,12,19,L2
5c2d9e2448,50975,female,20 < Age ≤ 30,9,8,14,19,M1
7dab71d914,40199,female,20 < Age ≤ 30,7,7,9,7,L1
6ef8e2fe39,48208,female,20 < Age ≤ 30,20,11,12,7,L2
ed4c230aac,41394,female,20 < Age ≤ 30,16,12,9,7,M2
b713a02f42,53393,female,20 < Age ≤ 30,18,10,13,20,L3
4407d4ece5,88427,female,20 < Age ≤ 30,9,10,19,16,L1
48c79a3456,39058,female,20 < Age ≤ 30,20,9,20,18,M1
41adcc8070,47747,female,20 < Age ≤ 30,7,9,7,11,M2
4faba5ae53,1079,female,20 < Age ≤ 30,16,18,16,20,L2
356e88dbd0,49153,female,20 < Age ≤ 30,7,12,19,9,L3
5a134526c7,26067,female,20 < Age ≤ 30,18,15,13,17,L2
3fd1d00b71,48878,female,20 < Age ≤ 30,11,18,9,16,L3
fdf18c48cf,20739,female,20 < Age ≤ 30,7,20,16,11,M2
b620c646d4,11373,female,20 < Age ≤ 30,15,15,17,19,L2
27ea8f9ef0,64886,female,20 < Age ≤ 30,13,16,17,12,L1
a5d33c85b0,29751,female,20 < Age ≤ 30,16,18,19,16,L3
64d731b1b3,97187,female,20 < Age ≤ 30,17,15,15,18,L1
174c04f1a9,3280,female,20 < Age ≤ 30,20,19,9,12,M1
9256705a88,6466,female,20 < Age ≤ 30,7,12,19,7,L3
606528134b,438,female,20 < Age ≤ 30,7,16,11,17,L2
e231e5b1e0,51556,female,20 < Age ≤ 30,11,9,7,13,L3
17718bd9cb,92398,female,20 < Age ≤ 30,15,18,11,10,L1
96d98759d8,72101,female,20 < Age ≤ 30,7,17,9,8,M2
7d688d5beb,89765,female,20 < Age ≤ 30,8,7,9,18,M2
471d0af4bf,91162,female,20 < Age ≤ 30,13,9,15,12,M1
32eb42d0bf,32136,female,20 < Age ≤ 30,14,8,10,8,L1
131b10869d,27882,female,20 < Age ≤ 30,9,20,15,18,L2
e0c982f3c0,37109,female,20 < Age ≤ 30,19,17,8,14,L1
a3487a0345,74795,female,20 < Age ≤ 30,19,11,13,8,L3
1b2cd0a77c,66848,female,20 < Age ≤ 30,16,15,12,18,L3
e4698a43ab,15717,female,20 < Age ≤ 30,15,14,20,16,M1
2a55db0358,6419,female,20 < Age ≤ 30,19,13,7,20,L2
54e5d6df0e,69375,female,20 < Age ≤ 30,15,11,9,18,L1
afc9377880,17095,female,20 < Age ≤ 30,7,19,18,12,L3
7245d7e9ae,87750,female,20 < Age ≤ 30,9,16,15,12,M1
99e95b4357,91873,female,20 < Age ≤ 30,7,13,19,12,L2
360e97516d,65185,female,20 < Age ≤ 30,13,20,13,17,M1
877a345d26,82993,female,20 < Age ≤ 30,12,12,11,9,M1
af58e46f1a,81417,female,20 < Age ≤ 30,11,7,14,9,L1
b135fb046a,21312,female,20 < Age ≤ 30,16,16,15,14,L2
47ef119ac0,49550,female,20 < Age ≤ 30,20,18,19,13,M2
2d72530439,4314,female,20 < Age ≤ 30,14,14,19,20,L3
e2812431b9,32600,female,20 < Age ≤ 30,16,19,20,8,L2
9b712b1ceb,13231,female,20 < Age ≤ 30,20,11,19,16,L3
de832ff310,82990,female,20 < Age ≤ 30,18,11,12,7,M1
b7984cb2ea,36119,female,20 < Age ≤ 30,19,17,18,19,M1
d258081a02,59068,female,20 < Age ≤ 30,18,16,7,19,L1
08324cfdb7,72517,female,20 < Age ≤ 30,20,19,7,12,L1
67c77e7105,99907,female,20 < Age ≤ 30,8,16,14,18,L3
0479947d66,19261,female,20 < Age ≤ 30,14,20,12,20,L1
4016815162,8952,female,20 < Age ≤ 30,13,10,10,19,L1
03e4245c0f,45913,female,20 < Age ≤ 30,17,12,17,7,L1
40c14eefaa,75136,female,20 < Age ≤ 30,20,17,12,7,L1
8ab372b5e3,46393,female,20 < Age ≤ 30,8,13,8,19,L2
6904d135a9,39386,female,20 < Age ≤ 30,13,17,11,11,L1
87010831b2,76095,female,20 < Age ≤ 30,8,8,14,19,L3
dc982368b0,29003,female,20 < Age ≤ 30,20,18,8,12,M1
0c8de1c27f,49253,female,20 < Age ≤ 30,13,11,18,15,L1
64eca0b741,75285,female,20 < Age ≤ 30,18,20,12,11,M2
9de3fd9756,3943,female,20 < Age ≤ 30,12,7,10,9,L2
439752dc47,33698,female,20 < Age ≤ 30,16,8,16,13,L1
fad0eedd98,88203,female,20 < Age ≤ 30,9,8,10,20,L3
8f45513310,41783,female,20 < Age ≤ 30,7,14,20,16,L1
a1d1556ef3,99130,female,20 < Age ≤ 30,19,11,15,18,M2
ee9109cc69,79895,female,20 < Age ≤ 30,12,12,16,16,M1
8b148c52a1,72864,female,20 < Age ≤ 30,10,13,19,10,M2
9d90fa0f42,29714,female,20 < Age ≤ 30,20,17,8,8,M2
d30fc81c3b,88124,female,20 < Age ≤ 30,11,18,16,11,M1
1f74f6c609,74165,female,20 < Age ≤ 30,16,11,14,17,M2
2949c0173d,69666,female,20 < Age ≤ 30,18,15,18,14,L3
faea92a94c,35526,female,20 < Age ≤ 30,9,8,13,9,L1
cc71998b52,80115,female,20 < Age ≤ 30,12,15,11,12,L3
2d6880b414,30947,female,20 < Age ≤ 30,16,18,16,11,L1
13913abdf6,6899,female,20 < Age ≤ 30,12,16,14,12,M1
3850a2a6b5,19888,female,20 < Age ≤ 30,16,11,9,19,L2
5917434404,88557,female,20 < Age ≤ 30,18,8,19,8,L2
5d9977e286,34119,female,20 < Age ≤ 30,17,10,9,14,M2
058f0e3b30,22013,female,20 < Age ≤ 30,13,20,12,15,M2
097b96aafc,93129,female,20 < Age ≤ 30,9,13,20,7,L2
19b0baa765,16037,female,20 < Age ≤ 30,7,7,7,19,L2
8b67f840cd,38512,female,20 < Age ≤ 30,13,18,14,10,M2
e0775d8701,11968,female,20 < Age ≤ 30,17,12,10,7,L1
5fbfd56c5d,95143,female,20 < Age ≤ 30,9,14,13,20,M2
2136b17c13,41448,female,20 < Age ≤ 30,10,11,20,11,L3
885c55f59e,42842,female,20 < Age ≤ 30,7,7,9,9,L3
736f29dfba,89745,female,20 < Age ≤ 30,20,15,9,13,M2
dcac445a51,17642,female,20 < Age ≤ 30,8,12,10,12,L3
465cd48d55,35935,female,20 < Age ≤ 30,8,10,15,18,L2
451a41b5cd,40720,female,20 < Age ≤ 30,11,10,11,12,M1
8602853825,8599,female,20 < Age ≤ 30,12,14,12,16,L3
36142afb8c,59797,female,20 < Age ≤ 30,8,11,9,14,L2
fd1be963ed,685,female,20 < Age ≤ 30,12,15,20,12,L3
045ca3a2f0,37701,female,20 < Age ≤ 30,14,18,16,10,L1
203f9d1e21,83456,female,20 < Age ≤ 30,14,16,20,18,M2
2ee0aa6cec,95027,female,20 < Age ≤ 30,10,15,17,19,L1
eb1a6dc861,47139,female,20 < Age ≤ 30,15,17,12,15,M1
3a34539976,18172,female,20 < Age ≤ 30,17,10,10,16,L2
4f2f286b30,9742,female,20 < Age ≤ 30,12,17,18,13,M1
1b92f9ffc6,30642,female,20 < Age ≤ 30,14,18,13,17,L2
d20eeb139e,79283,female,20 < Age ≤ 30,11,14,14,16,L2
0e8da1f495,56847,female,20 < Age ≤ 30,7,11,9,18,L1
5e91c76655,7499,female,20 < Age ≤ 30,10,15,17,9,M1
f0127b2759,59075,female,20 < Age ≤ 30,18,11,12,10,M2
1a12a80e4e,38699,female,20 < Age ≤ 30,14,18,7,17,L2
883272d1e2,2887,female,20 < Age ≤ 30,10,8,17,19,L3
e6dccf36db,31479,female,20 < Age ≤ 30,18,20,19,9,L1
e33a2af7b3,15718,female,20 < Age ≤ 30,7,11,11,17,M1
10363c9ae2,11090,female,20 < Age ≤ 30,15,20,13,13,L1
b992454454,75476,female,20 < Age ≤ 30,15,7,7,15,L2
2b3fa10f99,30902,female,20 < Age ≤ 30,10,18,13,10,L3
e52e2e5b6f,52220,female,20 < Age ≤ 30,18,8,17,13,L1
e55b7d2d91,90066,female,20 < Age ≤ 30,9,14,8,14,L2
9fe131bca6,49682,female,20 < Age ≤ 30,8,14,18,8,L3
35c11b8a44,60339,female,20 < Age ≤ 30,9,20,18,17,L2
22871099ea,338,female,20 < Age ≤ 30,9,15,18,7,M2
50d68db07d,17326,female,20 < Age ≤ 30,8,7,18,7,M2
92cdcdb865,38065,female,20 < Age ≤ 30,18,8,16,9,M1
cae59409b6,21059,female,20 < Age ≤ 30,11,13,16,12,M1
25b770a7a3,13294,female,20 < Age ≤ 30,7,15,17,11,M2
ec2a25984c,67385,female,20 < Age ≤ 30,15,20,20,15,L1
807e64f84e,24942,female,20 < Age ≤ 30,16,17,11,15,L1
acc32d0808,80037,female,20 < Age ≤ 30,16,15,18,14,L3
0e2e5b6698,52736,female,20 < Age ≤ 30,15,19,8,9,M1
4dc8b6d566,39376,female,20 < Age ≤ 30,10,12,8,11,L1
e72beb9fe6,77337,female,20 < Age ≤ 30,11,15,19,19,L2
2a5ac7b8e5,26663,female,20 < Age ≤ 30,13,14,16,17,L1
486aded782,73318,female,20 < Age ≤ 30,10,7,16,19,M2
0b7fa52a1c,45190,female,20 < Age ≤ 30,9,17,8,20,L3
d31bf949a6,82516,female,20 < Age ≤ 30,12,7,8,8,L1
92f5e81f21,99437,female,20 < Age ≤ 30,20,8,18,10,M2
a89a19c09b,9604,female,20 < Age ≤ 30,17,9,12,19,L1
4e0ccdcf05,55685,female,20 < Age ≤ 30,9,18,13,20,M2
38a5c9b9e3,97533,female,20 < Age ≤ 30,14,17,10,12,M1
597cbbeb1d,74404,female,20 < Age ≤ 30,9,13,7,18,L2
01a9080b23,25284,female,20 < Age ≤ 30,14,17,20,14,L3
5edd817cf1,17629,female,20 < Age ≤ 30,11,17,20,16,L1
4cf349fadd,98236,female,20 < Age ≤ 30,13,8,17,20,L1
478d594541,86351,female,20 < Age ≤ 30,15,12,17,12,L3
7bc4aa9bf4,83584,female,20 < Age ≤ 30,9,14,7,19,L1
ee66f1395c,2020,female,20 < Age ≤ 30,9,16,20,19,M1
3511b8b23f,72318,female,20 < Age ≤ 30,20,9,15,11,L2
45f4802e1b,53414,female,20 < Age ≤ 30,10,13,14,7,L3
caa18075c6,9695,female,20 < Age ≤ 30,14,7,18,9,L1
5195ff4d4f,78010,female,20 < Age ≤ 30,19,17,19,16,L3
8ce8733796,55692,female,20 < Age ≤ 30,18,12,8,8,L2
8744f90716,40156,female,20 < Age ≤ 30,15,13,8,8,M2
6e8849e886,701,female,20 < Age ≤ 30,19,17,17,19,M1
16fab23a00,59766,female,20 < Age ≤ 30,16,12,17,10,L2
471e78e576,27525,female,20 < Age ≤ 30,12,16,16,18,L2
073ee3fdbe,66570,female,20 < Age ≤ 30,8,17,8,15,L3
0da2e62d0d,69714,female,20 < Age ≤ 30,7,10,19,15,L2
8e1893f3a2,71866,female,20 < Age ≤ 30,19,9,20,10,M1
622bb23943,88430,female,20 < Age ≤ 30,20,8,13,7,L3
5361b01b5c,94584,female,20 < Age ≤ 30,9,12,15,16,L2
8b4b16f456,45562,female,20 < Age ≤ 30,20,8,13,13,L1
740ae5f777,1229,female,20 < Age ≤ 30,16,17,11,15,L2
be3311f25e,351,female,20 < Age ≤ 30,7,13,13,7,L3
6c6159dbc8,47709,female,20 < Age ≤ 30,7,16,8,11,L1
6d7053bcef,8473,female,20 < Age ≤ 30,18,8,10,8,L3
6c1f1105bf,14730,female,20 < Age ≤ 30,11,7,10,18,M2
6abc3cc89a,69728,female,20 < Age ≤ 30,17,15,20,12,L2
eef2b27c12,27526,female,20 < Age ≤ 30,14,7,7,7,M2
45c7b5a96e,18250,female,20 < Age ≤ 30,19,13,13,13,M2
4c66b9af53,62668,female,20 < Age ≤ 30,19,13,17,17,M2
e3dd495913,73717,female,20 < Age ≤ 30,14,19,10,14,M1
ec66c4e1a3,46799,female,20 < Age ≤ 30,14,11,17,12,M2
ed1fa46099,23888,female,20 < Age ≤ 30,17,15,8,10,L2
75b6a19697,43367,female,20 < Age ≤ 30,11,15,20,8,M1
6f83048f5b,98007,female,20 < Age ≤ 30,16,9,13,12,L2
0932d82780,71177,female,20 < Age ≤ 30,13,11,16,8,L1
4a1ae6005f,16027,female,20 < Age ≤ 30,12,7,7,14,M1
b5a843b42b,94090,female,20 < Age ≤ 30,17,14,10,8,L1
acdd5a64cd,37703,female,20 < Age ≤ 30,19,15,7,12,M2
4f5a3118ed,2595,female,20 < Age ≤ 30,13,15,7,16,M2
2358a38f32,15259,female,20 < Age ≤ 30,8,20,14,20,L2
42d21c37b7,76999,female,20 < Age ≤ 30,17,11,20,19,M2
5c512de20d,93477,female,20 < Age ≤ 30,8,7,8,8,L2
c44f850d3c,80855,female,20 < Age ≤ 30,20,11,11,20,L3
36d4392e5b,53300,female,20 < Age ≤ 30,8,8,18,13,M1
6a1997504a,71146,female,20 < Age ≤ 30,19,16,17,14,L1
769f596796,68553,female,20 < Age ≤ 30,16,17,19,10,L1
48b707b0ce,82145,female,20 < Age ≤ 30,12,17,8,17,L1
44019d3640,7551,female,20 < Age ≤ 30,14,16,15,11,L1
ed078eff41,28536,female,20 < Age ≤ 30,12,14,9,10,L1
2db68b73bc,64038,female,20 < Age ≤ 30,19,9,7,10,L3
4e80060301,18097,female,20 < Age ≤ 30,18,13,12,17,L3
72f15ef7e7,59238,female,20 < Age ≤ 30,11,18,20,7,L1
deeeed3b34,37417,female,20 < Age ≤ 30,20,11,8,19,L2
71da738d81,2006,female,20 < Age ≤ 30,20,11,11,8,M1
68990e58b7,20652,female,20 < Age ≤ 30,11,17,16,12,M1
153503cfbf,59277,female,20 < Age ≤ 30,18,14,20,16,L2
6b3f4c7c6c,33817,female,20 < Age ≤ 30,20,13,7,16,M1
aa1358d264,31563,female,20 < Age ≤ 30,15,8,11,17,L2
370c28789c,703,female,20 < Age ≤ 30,16,10,18,8,L1
8d5193c246,16319,female,20 < Age ≤ 30,9,9,10,13,M2
dd44afe7f6,95282,female,20 < Age ≤ 30,13,17,19,13,L1
bb5cd2d86c,7862,female,20 < Age ≤ 30,8,15,15,11,M2
a2a597a4c1,85845,female,20 < Age ≤ 30,12,9,17,17,L1
2ef13b099b,45264,female,20 < Age ≤ 30,14,15,13,15,L3
a5df75c8ef,41254,female,20 < Age ≤ 30,18,13,19,20,L3
8f0b4434e7,213,female,20 < Age ≤ 30,19,18,11,14,M1
700b68b209,4534,female,Age ≤ 20,19,14,7,19,L3
8e59669aad,8010,female,Age ≤ 20,16,11,13,11,L2
064a420448,43739,female,Age ≤ 20,19,9,7,10,M1
373101262c,9817,female,Age ≤ 20,12,18,11,14,L1
e7b91ede38,8866,female,Age ≤ 20,16,8,17,15,L1
d631edd398,53360,female,Age ≤ 20,16,10,11,10,L1
27b6f10ac9,9407,female,Age ≤ 20,8,16,18,20,L3
faac273d57,97175,female,Age ≤ 20,7,14,13,18,M2
053a96df69,38935,female,Age ≤ 20,11,15,17,14,M1
0918e35a9a,35861,female,Age ≤ 20,9,8,9,15,L2
6a2cdaf966,21658,female,Age ≤ 20,18,19,13,11,M1
9be0b9c4f2,59554,female,Age ≤ 20,14,18,10,9,M2
a33d5c6421,46424,female,Age ≤ 20,13,15,19,8,M1
7f6bf147ed,21446,female,Age ≤ 20,20,15,15,14,L1
287a0fc9c5,46645,female,Age ≤ 20,18,8,8,12,L2
c1f9b08b93,68088,female,Age ≤ 20,15,19,20,9,L3
32791ba422,60854,female,Age ≤ 20,19,17,19,10,M1
bb67629f12,4521,female,Age ≤ 20,8,18,17,15,L1
77440cf2bf,36077,female,Age ≤ 20,8,16,19,7,L1
d8b15c36f1,11691,female,Age ≤ 20,11,9,12,7,M1
7e5e214deb,3040,female,Age ≤ 20,7,19,13,19,L2
86ac1876d6,47335,female,Age ≤ 20,13,17,9,14,M2
3a7d89072a,69675,female,Age ≤ 20,20,7,8,13,L1
9e7f0af64f,64629,female,Age ≤ 20,10,13,7,13,L1
98e5e5ca1f,92491,female,Age ≤ 20,12,9,16,9,L2
38e4b02e93,81043,female,Age ≤ 20,14,13,12,17,M2
a5393e09bb,19150,female,Age ≤ 20,7,12,19,20,L2
e7ad8a56d6,18890,female,Age ≤ 20,12,16,19,10,M2
835e3ca848,31584,female,Age ≤ 20,12,13,18,8,L2
90dd7de361,80921,female,Age ≤ 20,14,17,8,11,M1
305e573a5e,74595,female,Age ≤ 20,8,9,10,7,M2
fd38bb1dd3,13164,female,Age ≤ 20,17,11,14,12,L3
d25fb949fd,51534,female,Age ≤ 20,18,19,7,8,M2
ad0a01b6cd,48102,female,Age ≤ 20,10,16,10,20,M2
5052c53f1e,88526,female,Age ≤ 20,15,8,7,19,M1
51ad994a47,60754,female,Age ≤ 20,7,18,16,19,M2
7eecbc14b9,16828,female,Age ≤ 20,18,8,9,12,L2
321b339b32,52258,female,Age ≤ 20,17,15,13,14,M1
f1de3ed5ff,24831,female,Age ≤ 20,16,17,7,20,M2
e9ea563124,51937,female,Age ≤ 20,9,14,13,11,L3
e2fe0f8793,35172,female,Age ≤ 20,18,14,9,10,L1
887a5eed26,2071,female,Age ≤ 20,10,9,15,14,L3
1ab133dbcb,21948,female,Age ≤ 20,12,20,7,7,M1
3a14ee9b1a,70464,female,Age ≤ 20,11,18,13,18,L1
2fa6d7ffbf,59,female,Age ≤ 20,11,19,10,10,L2
ecfa08b1bd,12892,female,Age ≤ 20,14,9,19,12,L2
72be8fa76f,63522,female,Age ≤ 20,11,16,18,12,L1
e8163e9f5a,60509,female,Age ≤ 20,12,9,12,14,M2
a35f486911,95531,female,Age ≤ 20,8,16,14,18,L3
b5e8a9e7e2,46766,female,Age ≤ 20,11,18,14,13,L3
9dc4678d4d,57276,female,Age ≤ 20,15,20,9,9,L1
804b02db70,62104,female,Age ≤ 20,20,20,8,10,M2
70a1ba2646,64088,female,Age ≤ 20,16,7,9,20,L1
97047c25d5,86073,female,Age ≤ 20,11,19,7,11,M1
4caec20452,19575,female,Age ≤ 20,9,18,16,19,L1
10e3107f95,44117,female,Age ≤ 20,16,11,17,9,L3
5524eb3b9b,3355,female,Age ≤ 20,9,14,7,12,M1
df5778f533,77937,female,Age ≤ 20,20,17,11,14,M1
ed252f269c,86597,female,Age ≤ 20,13,16,16,20,M2
ce10d0328b,44664,female,Age ≤ 20,7,7,18,16,M1
6dc7704e11,41796,female,Age ≤ 20,9,7,18,12,M2
1a27b7a802,83348,female,Age ≤ 20,19,7,16,20,L1
f43ab7dc44,23282,female,Age ≤ 20,10,11,10,19,M1
580af82ed3,65656,female,Age ≤ 20,13,19,7,9,M2
3293444219,36503,female,Age ≤ 20,13,17,9,7,L3
e7e24bea80,86121,female,Age ≤ 20,19,13,18,11,L3
409920b48b,95816,female,Age ≤ 20,12,19,17,15,L3
685f52e10f,89158,female,Age ≤ 20,19,7,20,13,L1
32886ca0f0,15821,female,Age ≤ 20,7,12,8,8,M2
27bebed47b,7210,female,Age ≤ 20,17,17,10,19,L1
fc3eac363d,99156,female,Age ≤ 20,15,7,8,16,M1
d339763e00,54847,female,Age ≤ 20,20,15,10,13,M1
48d3347f29,47437,female,Age ≤ 20,17,16,15,10,L1
4a91428e26,3485,female,Age ≤ 20,8,20,14,19,L1
0ccd55ece3,70639,female,Age ≤ 20,17,13,17,17,M2
cb674b8356,3642,female,Age ≤ 20,11,18,10,13,L3
45bba9a2bf,2671,female,Age ≤ 20,14,7,10,14,M1
03fb79243b,60796,female,Age ≤ 20,11,11,12,14,L1
76feaf630e,70650,female,Age ≤ 20,15,19,7,19,L3
66bc0ecce3,19535,female,Age ≤ 20,13,7,9,14,L3
280244d328,48517,female,Age ≤ 20,17,20,18,20,L1
9256ea3292,95466,female,Age ≤ 20,9,18,9,15,L2
5ec9addabd,29729,female,Age ≤ 20,9,12,7,18,L3
180732be92,4164,female,Age ≤ 20,15,20,17,7,M2
ceee6c54ac,9458,female,Age ≤ 20,16,7,12,19,L1
5d4c562f60,79885,female,Age ≤ 20,18,18,9,15,L2
26ca7e8862,85888,female,Age ≤ 20,16,17,14,9,L3
37f9cdc038,69747,female,Age ≤ 20,14,11,17,9,L1
403447c92c,21359,female,Age ≤ 20,12,10,13,17,L1
e84529e822,16169,female,Age ≤ 20,8,14,14,12,M1
60edd2bc38,8889,female,Age ≤ 20,18,10,13,13,M2
769302b393,85191,female,Age ≤ 20,11,16,13,20,M2
e08eea29b7,45610,female,Age ≤ 20,11,14,15,11,L1
ac0b6c094c,83610,female,Age ≤ 20,11,9,16,13,M2
f7617e434e,15613,female,Age ≤ 20,20,8,17,15,L3
2f21bf16c6,755,female,Age ≤ 20,20,18,8,14,L3
cf4a71d716,18509,female,Age ≤ 20,18,19,14,17,L3
fab8d6c640,44292,female,Age ≤ 20,17,8,8,8,L1
9753577b46,38714,female,Age ≤ 20,18,20,12,18,L1
5e1a1f366e,25627,female,Age ≤ 20,8,19,12,17,M2
8845278899,29836,female,Age ≤ 20,18,14,19,11,M1
e95007ac1f,7726,female,Age ≤ 20,12,19,9,20,M1
086c79f47c,41725,female,Age ≤ 20,14,9,12,20,M2
b4a9f2368b,35618,female,Age ≤ 20,20,11,16,15,L3
7439e3fd83,46423,female,Age ≤ 20,13,16,12,14,L1
