Pseudo ID,ZIPCODE,gender,Age,S1,S2,S3,S4,Academic Level,ZIPCODE_privacy_0.1
8648688b4e,91952,male,20 < Age ≤ 30,9,20,18,15,L1,-2994292
65ad02fd1a,65406,male,20 < Age ≤ 30,11,13,11,19,L2,-707497
6c33fff1c4,19343,male,20 < Age ≤ 30,19,11,17,9,M2,-55270
de03114074,95871,male,20 < Age ≤ 30,17,9,20,7,M2,-163125
df1b8307c4,90765,male,20 < Age ≤ 30,11,14,10,20,L2,-791034
79f2635f93,17391,male,20 < Age ≤ 30,13,12,10,17,M1,209331
6db486a4fd,71556,male,20 < Age ≤ 30,13,15,14,7,L2,218313
6d0164db83,97250,male,20 < Age ≤ 30,12,14,17,13,L3,-952671
ba8ee6a551,11846,male,20 < Age ≤ 30,7,9,11,13,M1,331278
a3cb882a04,67891,male,20 < Age ≤ 30,10,15,7,8,L1,-799014
71a59ff292,94504,male,20 < Age ≤ 30,14,12,17,8,L2,-55547
ce2d9cc003,19362,male,20 < Age ≤ 30,8,18,15,11,L2,662074
021f39c2f4,42781,male,20 < Age ≤ 30,18,15,7,12,L1,86015
097e7a79ac,88000,male,20 < Age ≤ 30,12,17,19,12,L3,-623424
57133377d3,24836,male,20 < Age ≤ 30,20,15,10,14,L1,-137520
6f5ee401f6,66607,male,20 < Age ≤ 30,15,19,7,17,M1,-536342
d65145bf64,88022,male,20 < Age ≤ 30,15,7,13,11,L1,745986
8cfea35707,39446,male,20 < Age ≤ 30,20,19,8,12,M2,-1094104
3c7f8ea19a,66962,male,20 < Age ≤ 30,8,9,8,11,L2,-486231
40aaa0b869,10485,male,20 < Age ≤ 30,16,19,14,13,M2,1069352
b093ff4ec7,30135,male,20 < Age ≤ 30,20,19,19,16,M1,8991
c3e005f793,1043,male,20 < Age ≤ 30,13,7,7,15,M2,1561928
3afd20a285,90410,male,20 < Age ≤ 30,11,13,13,11,M2,1680872
ac656ebc25,65582,male,20 < Age ≤ 30,10,13,15,13,L3,-77886
c15beb1048,1173,male,20 < Age ≤ 30,17,9,16,16,L3,78302
ddcd9c65c1,55650,male,20 < Age ≤ 30,18,14,20,12,M1,-581610
20b0214bc6,77116,male,20 < Age ≤ 30,9,8,7,20,M1,805564
00df5875c3,2241,male,20 < Age ≤ 30,11,17,12,10,M2,-449120
716de11f27,99761,male,20 < Age ≤ 30,10,15,15,7,L2,-1658592
1d78f8e078,52889,male,20 < Age ≤ 30,13,12,7,18,M1,410906
b7fe49cd70,15635,male,20 < Age ≤ 30,16,9,10,17,M2,-343406
df0a5e2c5c,43956,male,20 < Age ≤ 30,16,7,7,7,L3,-1655273
69caaef365,6045,male,20 < Age ≤ 30,13,18,13,18,L2,524241
f5fc95231f,91040,male,20 < Age ≤ 30,16,19,8,17,M2,-429451
f09c020973,32100,male,20 < Age ≤ 30,11,14,9,7,L1,17181
4f5c327ffe,78637,male,20 < Age ≤ 30,8,7,7,18,M2,206830
462b227bfc,27902,male,20 < Age ≤ 30,10,11,7,16,L1,2435470
a90b84f449,62475,male,20 < Age ≤ 30,10,13,11,18,L3,258654
534652cf17,17687,male,20 < Age ≤ 30,9,8,14,13,L1,-2273855
1ac79ec4e9,53395,male,20 < Age ≤ 30,10,9,10,7,L1,104093
5e91584a3c,55154,male,20 < Age ≤ 30,16,19,16,7,M2,-517711
0b8fe5d570,34053,male,20 < Age ≤ 30,16,11,17,12,M1,-573893
b7e667aaf0,84464,male,20 < Age ≤ 30,11,14,14,17,M1,330898
f681a028da,59175,male,20 < Age ≤ 30,16,17,16,16,M1,1269907
05b4475e2c,82943,male,20 < Age ≤ 30,10,14,18,18,M1,-1504229
b21dee5fe6,9584,male,20 < Age ≤ 30,9,17,16,18,M2,-59856
859d5e3fb1,9695,male,20 < Age ≤ 30,15,11,17,17,L2,-6593309
1d508bd748,43716,male,20 < Age ≤ 30,12,19,11,20,M2,275260
b96bf5154c,78179,male,20 < Age ≤ 30,15,17,11,11,M1,517365
5d022f96f7,40123,male,20 < Age ≤ 30,20,12,15,13,L2,-676287
9a9b5f9c7f,18993,male,20 < Age ≤ 30,20,10,10,14,M1,1804154
a04a0252d6,48384,male,20 < Age ≤ 30,15,13,18,10,L3,-1161183
7890c7a7be,41653,male,20 < Age ≤ 30,16,12,9,8,L3,-220523
7548e78c44,54458,male,20 < Age ≤ 30,9,16,16,14,M1,2116262
f94a9c8d7f,29948,male,20 < Age ≤ 30,9,9,12,10,L3,374716
611126b472,74467,male,20 < Age ≤ 30,17,18,17,10,L1,-63233
e3cee9fa71,46416,male,20 < Age ≤ 30,9,17,8,19,M2,-1708187
cb2ce905fe,10782,male,20 < Age ≤ 30,13,14,14,14,L1,-2447127
d298d5f173,91486,male,20 < Age ≤ 30,16,15,8,13,M2,1236335
0a953c0ed8,38953,male,20 < Age ≤ 30,11,16,7,7,L3,-2152097
3821282932,42942,male,20 < Age ≤ 30,9,20,12,15,L2,-416130
a9c8df8c20,70790,male,20 < Age ≤ 30,19,17,12,18,M1,-1075557
0bf3a0068c,25351,male,20 < Age ≤ 30,11,19,17,13,M1,1386192
c2bac0d16a,49314,male,20 < Age ≤ 30,8,12,16,10,L1,2727509
d3b82e0ac0,76508,male,20 < Age ≤ 30,16,12,7,15,M1,-462805
910a2efaa7,59953,male,20 < Age ≤ 30,18,14,16,13,L3,-239480
a5ea0a2204,22661,male,20 < Age ≤ 30,13,20,10,10,M1,-1960439
82ad0895f4,6375,male,20 < Age ≤ 30,13,16,19,7,L1,226168
af8cc4a958,42960,male,20 < Age ≤ 30,11,15,8,10,L3,-347637
902928df53,11916,male,20 < Age ≤ 30,17,13,20,20,M1,-3351041
dd74421318,3608,male,20 < Age ≤ 30,14,18,16,10,M1,-1103496
8043a296b0,26739,male,20 < Age ≤ 30,14,19,17,9,L3,-195384
e56c2e6f3d,95821,male,20 < Age ≤ 30,13,11,8,7,M1,-1722483
f469e24097,19348,male,20 < Age ≤ 30,18,10,14,16,M2,201614
fbe065f446,62383,male,20 < Age ≤ 30,14,20,17,11,L1,198936
acd6f2c13b,31435,male,20 < Age ≤ 30,13,11,14,12,L3,-450593
0883ef2efb,10118,male,20 < Age ≤ 30,10,16,14,11,M2,-1250567
889e0f2e38,11950,male,20 < Age ≤ 30,9,12,10,15,L2,-1749390
9ce759b6ea,85757,male,20 < Age ≤ 30,15,17,18,15,L3,-50935
fa8903e78b,32771,male,20 < Age ≤ 30,18,10,13,20,L1,521619
f4cb727124,43525,male,20 < Age ≤ 30,20,19,12,12,L2,687465
563c290ad4,78669,male,20 < Age ≤ 30,18,12,18,20,M2,550116
5d3f1eba86,9421,male,20 < Age ≤ 30,16,12,12,19,L2,422656
676dc66567,53432,male,20 < Age ≤ 30,15,12,20,9,L1,2710740
1d32301bf3,60427,male,20 < Age ≤ 30,9,19,7,10,L3,-2422691
76620b595c,22974,male,20 < Age ≤ 30,12,16,8,14,L1,1651660
effa313dc5,68449,male,20 < Age ≤ 30,9,17,16,10,M1,1184273
033405d851,52335,male,20 < Age ≤ 30,8,11,7,17,L2,-2320366
29c0bd33fb,35439,male,20 < Age ≤ 30,16,12,15,12,M2,155658
2cc01f5903,63984,male,20 < Age ≤ 30,19,10,9,10,M2,-1229156
405937fa40,95114,male,20 < Age ≤ 30,9,9,16,16,L3,3661276
1c133eda15,79338,male,20 < Age ≤ 30,19,14,13,20,L3,-308266
f4ce1831d5,16644,male,20 < Age ≤ 30,19,12,12,17,M1,-5243016
4194bc485b,18830,male,20 < Age ≤ 30,10,11,11,9,M1,1286073
ec10c3f268,15212,male,20 < Age ≤ 30,18,7,14,12,L1,3503696
35953f1f9f,90365,male,20 < Age ≤ 30,11,10,12,12,L2,-1500696
f10326c01e,48988,male,20 < Age ≤ 30,20,13,14,14,M2,-1085283
37be90ad7a,40629,male,20 < Age ≤ 30,9,18,13,9,M1,497307
1a28f0a27f,29494,male,20 < Age ≤ 30,11,17,7,15,M1,92973
e90a9b6385,41662,male,20 < Age ≤ 30,17,14,13,15,L3,-1762047
67d097891a,46322,male,20 < Age ≤ 30,15,19,14,11,L3,757855
bf8c60be12,40662,male,20 < Age ≤ 30,19,12,13,19,L1,-27020
f7c14ab0a4,55174,male,20 < Age ≤ 30,17,18,10,12,L1,633808
896a887fa6,9988,male,20 < Age ≤ 30,14,13,15,13,L2,1196975
a4c3320d90,49160,male,20 < Age ≤ 30,10,7,10,14,L1,-439047
afb7f9a698,81215,male,20 < Age ≤ 30,19,10,7,11,L3,-3925276
25789b3dfa,25538,male,20 < Age ≤ 30,12,16,18,8,M1,-289000
4610fb2896,89336,male,20 < Age ≤ 30,14,16,20,11,M1,504636
30d8177f39,63774,male,20 < Age ≤ 30,15,18,9,10,L3,-475828
f67fa756c7,75568,male,20 < Age ≤ 30,7,7,17,17,M1,-463066
ac843849b3,43316,male,20 < Age ≤ 30,7,17,19,15,L1,-876444
244ad39fe2,10509,male,20 < Age ≤ 30,7,19,20,11,M1,-845554
4359a72fff,74225,male,20 < Age ≤ 30,10,19,15,19,L3,-104878
a3de28103c,3120,male,20 < Age ≤ 30,19,12,20,10,L3,-1141393
a3b81b1e03,93624,male,20 < Age ≤ 30,7,8,17,18,L2,-1095305
7df559af2a,42678,male,20 < Age ≤ 30,14,12,11,12,L1,678006
304e89bc4c,58291,male,20 < Age ≤ 30,13,14,16,7,L2,1289134
6859ba3440,64235,male,20 < Age ≤ 30,20,18,7,8,L1,-1544619
37b28c49b4,37052,male,20 < Age ≤ 30,17,12,12,11,L2,-1500297
28732ef98d,35099,male,20 < Age ≤ 30,20,7,7,12,M2,-476397
c189fc9c71,43999,male,20 < Age ≤ 30,10,17,17,20,M2,-476192
54fa590acc,42850,male,20 < Age ≤ 30,13,18,12,14,M2,2930277
8d28b7edb2,47291,male,20 < Age ≤ 30,7,9,7,11,M2,-888522
c547fe2a6c,12722,male,20 < Age ≤ 30,18,12,16,20,M1,-1895202
21e015fae4,33861,male,20 < Age ≤ 30,14,20,19,19,L3,184624
3f7f24bc1c,81480,male,20 < Age ≤ 30,10,19,9,16,M1,-1344996
3f1e3cd99d,25515,male,20 < Age ≤ 30,10,20,10,9,M1,-427621
8c47fb90f9,4288,male,20 < Age ≤ 30,8,8,16,20,L2,1728809
3b7c4b247d,25610,male,20 < Age ≤ 30,13,9,9,18,M1,1808294
62c8e08a12,82516,male,20 < Age ≤ 30,15,12,14,10,M2,703165
6570b483a9,70147,male,20 < Age ≤ 30,9,12,19,14,L3,1085532
bdd57fd098,87534,male,20 < Age ≤ 30,13,9,12,20,L1,2232071
748b62eb15,35142,male,20 < Age ≤ 30,7,10,9,20,M1,-295827
5d45e5db12,30537,male,20 < Age ≤ 30,12,7,14,8,M1,-990001
c06c4a3292,36310,male,20 < Age ≤ 30,10,9,9,18,M2,218819
f7a7904ed2,12438,male,20 < Age ≤ 30,15,10,19,12,M1,-1271525
7c8c93d8f7,24069,male,20 < Age ≤ 30,15,20,13,13,M2,-1272946
7ecb22520b,19600,male,20 < Age ≤ 30,15,18,8,10,M2,-2308812
8edac10fc5,84215,male,20 < Age ≤ 30,19,19,7,13,L2,1436741
d8dcb8a82b,97663,male,20 < Age ≤ 30,16,16,8,10,M2,-582648
edfc03a15a,87356,male,20 < Age ≤ 30,16,17,7,20,L3,244908
56399a85f9,46191,male,20 < Age ≤ 30,12,14,15,16,L2,-1841353
d1c759a56c,92875,male,20 < Age ≤ 30,17,18,16,19,L1,3409581
4f14dbce92,61504,male,20 < Age ≤ 30,11,8,17,13,M2,2228770
d311f8e1da,38513,male,20 < Age ≤ 30,12,18,7,12,L3,-1770252
752e8a674f,9597,male,20 < Age ≤ 30,20,17,10,18,M1,516248
5d20d32005,97528,male,20 < Age ≤ 30,9,11,15,14,L3,69902
c532782087,12452,male,20 < Age ≤ 30,13,17,17,11,L3,-718961
5b11832946,17413,male,20 < Age ≤ 30,7,7,17,16,M1,1393623
83cafd6d0d,13453,male,20 < Age ≤ 30,18,11,12,11,L3,1436903
d62676e316,62701,male,20 < Age ≤ 30,12,8,10,10,M1,771998
482d2853e7,23409,male,20 < Age ≤ 30,15,7,14,11,M1,164812
38319845de,4608,male,20 < Age ≤ 30,11,20,16,15,M1,970670
37e0edb5a3,59286,male,20 < Age ≤ 30,15,9,16,7,M2,3988930
66f50fd576,36198,male,20 < Age ≤ 30,18,8,20,17,L3,1332164
968b7b5287,99610,male,20 < Age ≤ 30,13,17,12,16,L3,605652
5d1a6aad44,40016,male,20 < Age ≤ 30,11,19,7,19,M1,-1195369
5ccde5d2ee,25892,male,20 < Age ≤ 30,17,15,15,11,L2,-2171727
73604db369,14161,male,20 < Age ≤ 30,9,18,8,8,M1,611938
7f5fa08f10,2854,male,20 < Age ≤ 30,19,8,15,8,M1,279138
015d775875,39264,male,20 < Age ≤ 30,16,16,9,15,M1,448926
09754372c1,21590,male,20 < Age ≤ 30,16,15,7,15,M1,425862
8108e6e7d9,36709,male,20 < Age ≤ 30,20,11,9,19,M2,4171836
ab82d83e01,57906,male,20 < Age ≤ 30,13,11,16,11,M2,872635
5a9e19aaa0,48561,male,20 < Age ≤ 30,9,18,15,9,M1,9076488
b8311372c7,24609,male,20 < Age ≤ 30,17,20,18,11,L3,34224
52958549c2,94766,male,20 < Age ≤ 30,8,12,10,13,L1,210114
bcf9a21ae6,54455,male,20 < Age ≤ 30,10,13,20,8,M2,765162
f74612fbfe,58987,male,20 < Age ≤ 30,9,12,12,18,M1,-392406
3250b37fa8,49149,male,20 < Age ≤ 30,10,11,19,8,M2,-2901795
f8c844405e,48305,male,20 < Age ≤ 30,15,7,18,13,L1,-3278735
dd2e030598,22337,male,20 < Age ≤ 30,15,20,8,14,M2,-1523734
cd341de512,31336,male,20 < Age ≤ 30,20,10,10,14,L3,-513788
3ef237f8ac,62480,male,20 < Age ≤ 30,15,16,15,15,M2,-1566534
d2d4fbb903,40828,male,20 < Age ≤ 30,16,14,11,15,L3,967701
6c2e9a87c2,39266,male,20 < Age ≤ 30,12,17,17,11,L1,-2279449
912cf8c453,93336,male,20 < Age ≤ 30,12,18,15,18,L1,1267177
998b72ba1d,81580,male,20 < Age ≤ 30,12,16,10,18,L2,809362
109c18e132,77986,male,20 < Age ≤ 30,11,7,12,20,L2,4041368
68029d3bf7,79185,male,20 < Age ≤ 30,12,16,10,12,M1,-874631
6edccd4fdd,26840,male,20 < Age ≤ 30,10,15,19,20,L1,-351489
852822da83,40548,male,20 < Age ≤ 30,11,8,7,19,L2,-600203
854a8a6065,64254,male,20 < Age ≤ 30,18,12,11,16,L3,809179
5a560e145a,53725,male,20 < Age ≤ 30,19,19,16,15,L1,-974941
e269e94503,80732,male,20 < Age ≤ 30,17,19,12,16,L1,-28723
79f9a92385,17924,male,20 < Age ≤ 30,16,11,18,16,M2,3525531
63f5198438,73712,male,20 < Age ≤ 30,20,15,13,9,M1,1253764
8d2552b267,24758,male,20 < Age ≤ 30,11,20,14,15,L3,210458
c317c9e4c4,72604,male,20 < Age ≤ 30,19,19,13,11,M1,-456028
107dce01b6,19594,male,20 < Age ≤ 30,8,14,10,10,L2,257110
a17dbe28e0,64157,male,20 < Age ≤ 30,8,20,11,8,M1,-1119789
e8c59615b3,13751,male,20 < Age ≤ 30,11,11,15,17,L1,-1168211
1c15e20317,2734,male,20 < Age ≤ 30,17,19,19,15,L3,2022376
60c643c0f3,84047,male,20 < Age ≤ 30,15,11,13,12,L3,-3132075
49aacdf061,25898,male,20 < Age ≤ 30,12,10,9,19,L1,158298
5bc00b13ef,33022,male,20 < Age ≤ 30,20,14,10,16,M2,-604936
817adc7b11,8463,male,20 < Age ≤ 30,15,10,14,14,M1,-213701
0e0962323e,69493,male,20 < Age ≤ 30,11,15,10,15,L3,-1629254
231d672b01,81315,male,20 < Age ≤ 30,19,9,19,19,M1,2549186
b7ba75cbfc,33260,male,20 < Age ≤ 30,12,9,8,7,L3,-59882
d1093a75bb,14437,male,20 < Age ≤ 30,7,16,19,18,M1,2816525
749e8eb72f,80523,male,20 < Age ≤ 30,13,10,16,11,L3,-989305
8379533699,95522,male,20 < Age ≤ 30,16,8,16,13,M2,179627
ee6dc90ff6,17683,male,20 < Age ≤ 30,9,8,12,16,M1,-6735555
8ce4ffa264,3372,male,20 < Age ≤ 30,12,18,8,16,M2,2723432
9aad5a1898,66798,male,20 < Age ≤ 30,18,13,7,8,L2,-454248
b8beb96207,97067,male,20 < Age ≤ 30,20,20,16,18,M1,389029
f0efbb85f4,86416,male,20 < Age ≤ 30,18,15,20,10,L1,366410
25c11e5b32,66319,male,20 < Age ≤ 30,11,14,19,8,L1,716100
6090709f58,39250,male,20 < Age ≤ 30,9,17,18,7,L3,-2697478
4fb80fbfee,64331,male,20 < Age ≤ 30,13,14,17,9,M2,1770449
5384225c16,51541,male,20 < Age ≤ 30,16,12,18,17,M2,1361566
f034d7e2de,6153,male,20 < Age ≤ 30,12,20,12,19,M2,-2496325
242cf6b028,1618,male,20 < Age ≤ 30,20,12,20,9,M1,-2585645
71d4b76ad5,39141,male,20 < Age ≤ 30,7,7,9,9,M2,-548536
b0d890b8ea,70204,male,20 < Age ≤ 30,10,12,12,16,M1,3480853
1cf7dd7b5a,15176,male,20 < Age ≤ 30,19,15,19,19,L2,498993
5f04e03605,45194,male,20 < Age ≤ 30,10,19,11,8,L2,1564165
50128b8194,43108,male,20 < Age ≤ 30,20,16,7,17,M1,-51362
61f50bd507,16411,male,20 < Age ≤ 30,10,8,12,14,M2,-1111852
bcd5ebb76c,56811,male,20 < Age ≤ 30,19,10,20,18,L1,-643628
3b5e0a907f,56081,male,20 < Age ≤ 30,11,9,10,9,L3,-197066
60e8a38e35,42434,male,20 < Age ≤ 30,17,9,9,18,M2,471176
b2001cc2bb,69193,male,20 < Age ≤ 30,14,20,18,10,L3,-203457
0bc290f9a1,93178,male,20 < Age ≤ 30,16,12,16,18,L2,1984676
6898d073cf,14348,male,20 < Age ≤ 30,14,15,20,16,L3,-1544897
d0a5682db0,8192,male,20 < Age ≤ 30,16,19,14,8,M2,-3288378
d7b41f2cb2,70460,male,20 < Age ≤ 30,19,12,20,18,M1,-347852
33bb7fb805,80748,male,20 < Age ≤ 30,9,10,20,16,M1,861128
984bf97542,43375,male,20 < Age ≤ 30,14,12,9,9,L3,3788389
e065a1f748,19516,male,20 < Age ≤ 30,18,19,7,17,M2,279105
921f7b8ea5,8157,male,20 < Age ≤ 30,7,7,20,17,L1,105087
2e823256cc,29671,male,20 < Age ≤ 30,10,10,14,8,M1,767826
7d7230a375,10050,male,20 < Age ≤ 30,16,7,8,9,M2,-1111685
415e93fd09,20398,male,20 < Age ≤ 30,18,11,11,9,L3,-1405787
3ef7ea00fc,65976,male,20 < Age ≤ 30,9,17,20,19,M2,-1466337
dac8e6b60e,72551,male,20 < Age ≤ 30,13,11,11,18,L1,-49556
8399bbc70a,14806,male,20 < Age ≤ 30,12,16,14,16,L3,1054075
8888de24ce,98191,male,20 < Age ≤ 30,20,17,12,18,L2,1441181
8eddfdcc1a,14746,male,20 < Age ≤ 30,13,11,11,18,M2,2519922
28522b62c9,56610,male,20 < Age ≤ 30,14,13,9,11,L3,-286802
555e24498f,45641,male,20 < Age ≤ 30,16,17,10,16,M2,-225814
4049c44733,53555,male,20 < Age ≤ 30,16,15,12,15,M2,2427605
7d9b6fe7f9,33288,male,20 < Age ≤ 30,8,8,16,10,M2,103059
1ac4bfe08c,21217,male,20 < Age ≤ 30,20,15,9,7,L1,-459719
25cceac917,80769,male,20 < Age ≤ 30,13,20,10,13,M1,-257080
585d9bcddb,83944,male,20 < Age ≤ 30,15,13,13,13,L3,-519614
c81a6bc7fc,18042,male,20 < Age ≤ 30,7,13,10,9,L3,122767
8d93644a16,33517,male,20 < Age ≤ 30,20,18,18,12,L3,-281028
163bc3a6ff,66091,male,20 < Age ≤ 30,11,17,16,9,L2,636358
20e4df985e,9939,male,20 < Age ≤ 30,10,13,7,19,L1,3356846
e7acfda536,3619,male,20 < Age ≤ 30,16,11,12,14,M2,-2172832
fdf5b592af,40231,male,20 < Age ≤ 30,14,15,12,15,M2,-137561
b40ad4281e,7635,male,20 < Age ≤ 30,20,17,8,16,L1,-778581
3e0c6e1394,5764,male,20 < Age ≤ 30,7,10,19,13,M1,-1831049
964b5fcf72,22311,male,20 < Age ≤ 30,20,10,10,17,L3,1015479
7e53979e84,5731,male,20 < Age ≤ 30,19,12,8,7,M2,1679587
4f539d88aa,68318,male,20 < Age ≤ 30,12,12,14,14,L2,86999
fa6be5a4c6,30702,male,20 < Age ≤ 30,8,15,13,11,L3,-916453
f35d8e1fe1,43019,male,20 < Age ≤ 30,10,18,20,10,L2,214733
45dd9a6f85,80593,male,20 < Age ≤ 30,7,11,14,11,M1,940661
2b30a1ed6b,26219,male,20 < Age ≤ 30,8,8,14,14,M2,893257
0235c7c070,86558,male,20 < Age ≤ 30,10,14,13,17,L3,-144812
8f80f7ab5f,83427,male,20 < Age ≤ 30,14,13,14,20,M1,1440815
a21207e35c,87981,male,20 < Age ≤ 30,16,9,10,20,M2,295731
c0de407e39,19722,male,20 < Age ≤ 30,9,12,20,7,M1,408071
e2e9f08957,89685,male,20 < Age ≤ 30,11,11,16,18,L3,-1360517
a494556348,14373,male,20 < Age ≤ 30,16,13,7,12,M1,-1350377
4ebc61ea9e,75741,male,20 < Age ≤ 30,20,10,9,19,M2,-289917
78f2925fc4,16332,male,20 < Age ≤ 30,10,8,14,7,L1,-643316
877a865096,70698,male,20 < Age ≤ 30,7,7,20,8,M1,-413413
35f88a26b5,62449,male,20 < Age ≤ 30,11,15,18,9,M2,-1219119
88a1a3c14d,58909,male,20 < Age ≤ 30,19,8,15,14,L2,186311
5fbfb90c64,75495,male,20 < Age ≤ 30,9,16,8,19,M1,681835
2d301c4d21,57273,male,20 < Age ≤ 30,14,20,20,16,L1,-267966
4eaf26d8ad,27477,male,20 < Age ≤ 30,9,10,20,9,L1,-732389
86a0bc19dc,48682,male,20 < Age ≤ 30,17,11,15,19,L1,1530751
3e257ee1fa,47111,male,20 < Age ≤ 30,18,13,16,16,L1,61540
0da8538355,26582,male,20 < Age ≤ 30,19,17,17,19,L3,828875
7af519f3b7,57984,male,20 < Age ≤ 30,9,9,11,8,M1,-795490
22f32feb76,99516,male,20 < Age ≤ 30,11,20,9,9,L1,1768020
e817ff3089,32127,male,20 < Age ≤ 30,20,11,16,11,L1,-7643546
3da4eff1ba,16404,male,20 < Age ≤ 30,12,9,11,20,M2,11016
c15f14d42c,39617,male,20 < Age ≤ 30,18,11,19,18,L3,-852840
22809bd5ff,59094,male,20 < Age ≤ 30,18,20,12,11,M1,202685
0619d5604a,22364,male,20 < Age ≤ 30,19,14,17,8,L3,-384428
0947b2bd8c,85894,male,20 < Age ≤ 30,19,15,15,15,L3,-1401050
36f1bb768a,68370,male,20 < Age ≤ 30,15,16,9,19,M1,-2077749
20e391fb18,16470,male,20 < Age ≤ 30,17,10,9,9,M1,126586
cd9dfde182,34243,male,20 < Age ≤ 30,11,8,15,19,L2,-236282
c45ea9b554,82790,male,20 < Age ≤ 30,19,13,9,19,L2,-3433121
11b76efd3c,19178,male,20 < Age ≤ 30,15,15,19,10,M1,-1886482
5597e9426b,99083,male,20 < Age ≤ 30,20,11,8,12,L3,174922
9de0bf7284,44444,male,20 < Age ≤ 30,20,13,20,13,L1,217174
e3765a925d,24527,male,20 < Age ≤ 30,16,10,13,18,L3,57469
9ffcaf016a,8363,male,20 < Age ≤ 30,10,18,18,19,L2,74195
b96403bf3e,28401,male,20 < Age ≤ 30,8,11,13,13,M2,-367850
ae807a8428,90234,male,20 < Age ≤ 30,19,17,10,16,L2,37266
8110365b37,62895,male,20 < Age ≤ 30,7,8,8,20,M2,-2428090
16fdd9c1b7,92212,male,20 < Age ≤ 30,16,18,17,8,L2,1067598
e8e5a3a0ee,41001,male,20 < Age ≤ 30,19,17,14,11,M1,-461735
e1af8d13b8,12308,male,20 < Age ≤ 30,8,17,8,8,L2,-60720
addecc8c53,92616,male,20 < Age ≤ 30,16,9,19,20,M2,-2903909
5d26ba14a0,18215,male,20 < Age ≤ 30,10,14,16,8,M1,168845
d43bdc58bb,58397,male,20 < Age ≤ 30,12,18,10,10,M1,-566751
40d16cbff5,64036,male,20 < Age ≤ 30,19,8,12,12,L3,1284727
b117f962d2,98784,male,20 < Age ≤ 30,10,17,15,14,L2,-600165
bb3c114277,35659,male,20 < Age ≤ 30,11,13,11,9,L2,1458422
261cac3af7,59806,male,20 < Age ≤ 30,17,19,10,12,L1,1593802
52e0c62919,68847,male,20 < Age ≤ 30,8,7,7,7,L2,-1586434
29cfbc858e,45753,male,20 < Age ≤ 30,12,17,7,14,L2,893183
128784995f,89661,male,20 < Age ≤ 30,19,18,13,12,L1,-309546
fc7a544f40,31810,male,20 < Age ≤ 30,18,15,14,16,L3,353089
24d9491173,82411,male,20 < Age ≤ 30,20,18,11,11,L2,-1623241
8064754a92,92755,male,20 < Age ≤ 30,11,16,18,10,M1,1047945
13a13f9287,51274,male,20 < Age ≤ 30,13,16,17,19,L3,1247082
e39a668cf1,87149,male,20 < Age ≤ 30,11,7,15,18,M2,243944
cc3be840c4,57283,male,20 < Age ≤ 30,12,11,10,19,L2,-3402234
3bc643ef91,12813,male,20 < Age ≤ 30,19,7,14,18,L1,1006077
83aed9fdd2,55961,male,20 < Age ≤ 30,17,19,16,12,L3,1975353
a05ad3b465,13470,male,20 < Age ≤ 30,10,7,13,12,L3,-189389
a2e8edcf17,15285,male,20 < Age ≤ 30,12,17,17,20,L1,1261972
d1d390c835,88490,male,20 < Age ≤ 30,10,19,17,16,M1,1263367
9b3e70a23d,67469,male,20 < Age ≤ 30,17,15,8,19,L1,299634
4cef7238c3,36031,male,20 < Age ≤ 30,16,17,10,17,L1,1118975
272a410ff0,25947,male,20 < Age ≤ 30,20,15,16,17,L1,512590
d509736435,66610,male,20 < Age ≤ 30,18,9,18,9,L1,536205
853949ad15,98426,male,20 < Age ≤ 30,15,18,8,13,M1,-322877
e848b06217,48897,male,20 < Age ≤ 30,12,19,18,20,L2,779527
4298d8f3fa,63996,male,20 < Age ≤ 30,7,10,20,9,L1,83580
ad3b001fd0,73359,male,20 < Age ≤ 30,16,13,8,12,M1,-281241
7ab313b104,15667,male,20 < Age ≤ 30,11,12,14,12,L2,30835
4c92a131a2,49628,male,20 < Age ≤ 30,7,9,15,20,M1,3518993
87f4e50bc9,76984,male,20 < Age ≤ 30,14,9,12,19,L2,-887887
4403de36f2,71943,male,20 < Age ≤ 30,8,11,20,7,M2,-977299
44fae4e951,40252,male,20 < Age ≤ 30,8,10,14,9,L1,-2502750
a5c4e42c52,82663,male,20 < Age ≤ 30,12,13,16,17,M2,506341
4020cac8ff,54134,male,20 < Age ≤ 30,19,13,10,15,M1,948253
0b3a375292,71643,male,20 < Age ≤ 30,10,18,11,12,L2,5718
9bb9bff824,44697,male,20 < Age ≤ 30,14,20,11,7,M2,63332
c8dd94566f,22778,male,20 < Age ≤ 30,16,19,12,19,L1,-630273
369dc79fe9,85352,male,20 < Age ≤ 30,17,15,17,16,L2,-116466
fee14f82b6,58265,male,20 < Age ≤ 30,20,13,7,13,L3,1452128
e78993ec4b,20117,male,20 < Age ≤ 30,20,8,16,19,M2,-703759
c5c61abe73,71326,male,20 < Age ≤ 30,11,16,10,19,L3,291555
868089f739,33525,male,20 < Age ≤ 30,13,20,15,9,L2,1026000
56889f703c,52953,male,20 < Age ≤ 30,16,13,17,8,M1,737273
f25e9ec041,87313,male,20 < Age ≤ 30,8,8,13,18,M2,-1519164
6cd886c7f0,4568,male,20 < Age ≤ 30,20,15,13,18,L2,539253
9dd1a1e555,80006,male,20 < Age ≤ 30,7,7,18,20,M2,1556056
0f0648b751,68494,male,20 < Age ≤ 30,20,13,7,20,M2,397814
c9dc07f242,46831,male,20 < Age ≤ 30,20,10,13,16,M1,-445497
8b27410251,32930,male,20 < Age ≤ 30,18,15,14,9,L1,-846186
b830be4157,94947,male,20 < Age ≤ 30,19,10,12,13,M1,279835
5e2fdbac60,43970,male,20 < Age ≤ 30,17,7,20,12,L2,387559
a865bac38c,88666,male,20 < Age ≤ 30,10,20,20,19,L1,302343
1df9d3a5eb,18664,male,20 < Age ≤ 30,17,10,9,19,M2,-992040
e4bf1325e5,3586,male,20 < Age ≤ 30,13,19,8,13,L2,550616
d43b4ab8d7,90534,male,20 < Age ≤ 30,17,16,15,14,L1,401288
ee3704f343,17988,male,20 < Age ≤ 30,10,8,12,20,L2,188037
8ee42e921b,46296,male,20 < Age ≤ 30,15,14,9,11,L2,3276442
04c380ecf6,20676,male,20 < Age ≤ 30,7,17,20,17,M2,-701137
e9866effe1,26691,male,20 < Age ≤ 30,11,10,20,20,L3,151097
3b1dad21a6,49771,male,20 < Age ≤ 30,12,8,11,17,M1,612393
66a95890bd,7873,male,20 < Age ≤ 30,8,11,20,15,M2,397706
f4351531d2,6291,male,20 < Age ≤ 30,17,9,18,20,M1,660495
e191345325,62705,male,20 < Age ≤ 30,12,17,15,9,M1,1547077
09c5031cc3,7676,male,20 < Age ≤ 30,19,7,18,16,M2,831092
456b52570c,91532,male,20 < Age ≤ 30,19,7,12,10,L2,314388
0e4de6e106,90645,male,20 < Age ≤ 30,11,8,9,13,L2,289286
cecff9f3c1,94176,male,20 < Age ≤ 30,20,14,20,10,L3,1649036
01a9d8e3ff,19627,male,20 < Age ≤ 30,8,7,12,19,M2,-391250
9204637f8d,32153,male,20 < Age ≤ 30,7,18,12,15,M2,-85361
9ee5c73e5b,20204,male,20 < Age ≤ 30,9,11,10,17,L1,-354779
7bf7b85df2,45516,male,20 < Age ≤ 30,8,14,20,10,L1,-71520
d155865aec,7030,male,20 < Age ≤ 30,15,10,7,18,L3,1729211
8bfc1646d7,14936,male,20 < Age ≤ 30,18,13,18,18,L1,1616604
7374804e00,48048,male,20 < Age ≤ 30,14,17,19,14,L2,2068053
e335af20db,22340,male,20 < Age ≤ 30,7,12,13,20,L3,2345775
bbc77d1963,31322,male,20 < Age ≤ 30,8,20,19,8,L2,2557004
150c04a948,74668,male,20 < Age ≤ 30,14,7,12,19,M1,-673036
83a8493ad0,53190,male,20 < Age ≤ 30,11,14,11,12,L3,21582
222ed23bbb,30290,male,20 < Age ≤ 30,12,10,9,8,L1,202380
2688bb8176,84523,male,20 < Age ≤ 30,20,8,20,13,M2,-609292
d90f65a6a3,58517,male,20 < Age ≤ 30,9,15,9,14,L3,-118234
0d7a1bc28a,72406,male,20 < Age ≤ 30,18,14,7,7,L3,-647353
6bbdcf8e92,14232,male,20 < Age ≤ 30,19,17,19,15,M1,667209
81c3264950,69224,male,20 < Age ≤ 30,11,10,15,9,L1,107925
3e5afcd624,31645,male,20 < Age ≤ 30,15,20,14,9,M2,120011
d93c6fe31c,86362,male,20 < Age ≤ 30,13,11,8,17,L3,84102
c80211d3c8,21982,male,20 < Age ≤ 30,17,13,15,17,L2,1012897
8fba7d50ed,62816,male,20 < Age ≤ 30,17,9,18,16,L2,-1439376
df12729715,22201,male,20 < Age ≤ 30,12,9,17,18,L2,-315769
f97419d569,79009,male,20 < Age ≤ 30,20,18,17,8,L3,1199514
7e5f80b7d5,44061,male,20 < Age ≤ 30,19,19,8,14,L2,115754
6f11e07247,86835,male,20 < Age ≤ 30,15,8,20,11,M2,322335
6458fc6cb0,13120,male,20 < Age ≤ 30,18,20,9,10,M1,3745078
8f5e1bca62,62820,male,20 < Age ≤ 30,16,17,9,10,L2,-688266
ca6d9a8f1f,75323,male,20 < Age ≤ 30,9,11,13,10,M2,4565414
726705e03b,22601,male,20 < Age ≤ 30,7,7,20,14,L3,-535874
a69bcf7180,37091,male,20 < Age ≤ 30,16,11,10,17,M1,-495032
3cc2b77f1a,36477,male,20 < Age ≤ 30,20,13,18,14,L3,-790841
93e41078de,81277,male,20 < Age ≤ 30,10,13,20,14,L3,-3593
fddbdd81f4,30185,male,20 < Age ≤ 30,13,19,7,7,M2,-132282
7be34828a1,50541,male,20 < Age ≤ 30,16,12,11,14,L2,2603904
f74afb2b09,97511,male,Age ≤ 20,10,16,13,19,L2,-286883
72bce27b1f,81436,male,Age ≤ 20,17,13,10,12,L1,-405131
9867cceecf,90090,male,Age ≤ 20,7,17,12,13,L1,628722
56c898caec,64628,male,Age ≤ 20,11,10,18,9,L3,-23859
10b9552740,60300,male,Age ≤ 20,10,10,13,10,L3,-307572
ace88ae840,98106,male,Age ≤ 20,14,9,9,12,L2,452857
8d3dce277d,6862,male,Age ≤ 20,7,12,13,15,M2,-214121
b4361da1a3,3163,male,Age ≤ 20,20,9,16,18,L1,831252
b2aec45007,94617,male,Age ≤ 20,17,20,10,15,L2,-256146
e70e101d3c,58912,male,Age ≤ 20,19,8,14,8,M2,787274
aba9e98421,46946,male,Age ≤ 20,9,12,19,11,L1,-118487
81e7ceb556,36850,male,Age ≤ 20,18,16,14,18,M2,-1408933
658100727d,60317,male,Age ≤ 20,15,18,13,13,M2,-160854
a0a2c075f8,46113,male,Age ≤ 20,8,14,17,14,L1,456026
08c3ebda34,46735,male,Age ≤ 20,16,19,16,15,M2,1961955
be1737ea59,54655,male,Age ≤ 20,15,17,12,12,M2,-1400698
bfdee1389b,96097,male,Age ≤ 20,10,19,12,7,M1,-1257121
a4e05c3cff,17673,male,Age ≤ 20,7,15,9,7,M2,1095333
cbbbf201f4,64955,male,Age ≤ 20,20,13,15,12,L1,-1090107
9f084c56e0,3335,male,Age ≤ 20,7,7,13,16,M2,-468935
b7149c5e7d,97596,male,Age ≤ 20,11,9,9,12,L2,3693812
9e48292e2d,61226,male,Age ≤ 20,12,17,16,16,M2,1464764
b4222cf9d0,29862,male,Age ≤ 20,16,12,16,17,L2,84312
4be822a046,32019,male,Age ≤ 20,16,12,14,18,L2,-318870
e27420a2f3,25218,male,Age ≤ 20,13,7,10,9,L3,640024
2a76b49384,1862,male,Age ≤ 20,10,19,14,8,L1,-212920
ef80128fc2,95406,male,Age ≤ 20,17,11,19,20,M2,179906
177ca71908,86952,male,Age ≤ 20,12,9,10,8,L2,-161102
92ff69b5c6,57581,male,Age ≤ 20,8,13,12,11,M1,561883
ebeb14da38,41460,male,Age ≤ 20,14,8,19,10,L2,-1172352
4ef58ed7ab,51363,male,Age ≤ 20,19,20,15,15,L2,-4864953
0ce10043d4,91931,male,Age ≤ 20,20,18,10,17,M2,1198498
10cbddc748,33699,male,Age ≤ 20,16,19,8,18,L1,833389
d5280148bc,23465,male,Age ≤ 20,18,12,11,20,L3,439183
d904266fe4,20299,male,Age ≤ 20,16,19,13,18,M1,743725
e6c14798c8,3746,male,Age ≤ 20,12,15,10,16,L2,-164274
88339e1fe7,15582,male,Age ≤ 20,15,19,17,19,L2,-660130
4519dc2c58,24436,male,Age ≤ 20,20,15,20,15,M2,-196857
c89197339c,45013,male,Age ≤ 20,18,13,16,19,L3,1282041
ff517729e2,51764,male,Age ≤ 20,19,18,14,16,M1,505198
1ebfd3376c,82681,male,Age ≤ 20,20,9,19,10,L2,575568
50b8ff3567,90189,male,Age ≤ 20,20,17,9,10,L2,-354067
7fe17de728,1577,male,Age ≤ 20,18,12,8,13,M1,-2963009
f12b441a0e,38518,male,Age ≤ 20,19,20,8,9,M2,-70299
3edd24adac,12421,male,Age ≤ 20,10,12,16,15,L3,-2342838
b3d8d4c48c,82438,male,Age ≤ 20,20,10,10,16,M1,1263142
ee1ae5be83,37665,male,Age ≤ 20,20,12,10,14,L2,-55591
86078bf46a,2971,male,Age ≤ 20,8,12,14,19,M2,106676
8f75ab7cd8,19380,male,Age ≤ 20,8,17,19,16,M1,457806
b6886fc3f2,53112,male,Age ≤ 20,10,13,10,16,L1,-559197
d30abfc918,10324,male,Age ≤ 20,7,20,9,19,L3,879452
c4117c8458,59201,male,Age ≤ 20,7,12,14,17,L3,254535
7f3869a77c,22280,male,Age ≤ 20,12,14,18,9,M2,1022064
4bca69404d,29512,male,Age ≤ 20,15,11,9,13,L2,-599365
03cf19458c,87624,male,Age ≤ 20,20,18,9,9,L2,-1082629
ac4bd109d3,21798,male,Age ≤ 20,16,18,13,14,L3,218901
239bb6dd78,7686,male,Age ≤ 20,18,14,8,9,L2,13378
1fe5524bbc,15364,male,Age ≤ 20,8,19,19,13,M1,-3016776
4953f6cffa,58045,male,Age ≤ 20,14,13,14,20,L3,-946191
34e13c817d,38264,male,Age ≤ 20,17,14,12,13,L2,-546860
c898a71b27,72451,male,Age ≤ 20,12,8,15,10,L2,-181772
bfc8b43111,84966,male,Age ≤ 20,19,16,14,16,L2,1289099
fae25bbb1d,11298,male,Age ≤ 20,12,12,13,9,M1,-974123
6438a03c75,32798,male,Age ≤ 20,17,20,8,10,L1,-1053068
d4f1bbdd77,46672,male,Age ≤ 20,8,11,16,7,L3,-886628
a95a478208,14931,male,Age ≤ 20,11,16,15,16,L1,-1448260
c5ab30ef52,3855,male,Age ≤ 20,18,11,18,15,M2,249958
55d0a1f7ec,99940,male,Age ≤ 20,8,17,16,9,M1,-476128
eedaae859e,67956,male,Age ≤ 20,19,7,18,18,M2,-749084
9af7d525fd,54508,male,Age ≤ 20,11,12,20,9,L2,6323807
3581fbaed2,26137,male,Age ≤ 20,12,19,11,12,M2,1768
3e267552a3,34858,male,Age ≤ 20,16,8,19,11,L2,-1102980
70775d64c9,96787,male,Age ≤ 20,16,7,9,8,L1,-750084
4747815f68,21764,male,Age ≤ 20,14,13,15,9,M2,-14655
eda9a30710,56599,male,Age ≤ 20,11,16,10,12,L2,2242080
4142f55cc6,7524,male,Age ≤ 20,15,7,18,8,L3,363708
3e2b2eb874,57458,male,Age ≤ 20,17,17,14,18,M2,-160019
8c7464a403,15977,male,Age ≤ 20,12,8,12,11,L1,-701212
82062a65c1,27222,male,Age ≤ 20,20,18,10,18,M1,146960
c5c6961996,71479,male,Age ≤ 20,9,10,16,11,M1,851008
f87d14bf38,7936,male,Age ≤ 20,17,17,13,13,M1,599803
8b0d4a6e3c,97468,male,Age ≤ 20,17,8,16,7,L1,1003580
4e0e100e3b,9030,male,Age ≤ 20,12,17,14,15,L1,-232298
c69514c313,28262,male,Age ≤ 20,11,17,20,8,L2,255595
78c679e19e,22071,male,Age ≤ 20,12,11,18,15,L3,-288481
83038f1623,54401,male,Age ≤ 20,19,17,18,12,L1,-2502239
5fc884ff87,43881,male,Age ≤ 20,16,19,19,20,L1,845251
50f91108a6,9694,male,Age ≤ 20,14,8,14,14,M2,747910
4009d599a0,69255,male,Age ≤ 20,12,19,12,19,L3,586556
1eb4625173,58578,male,Age ≤ 20,11,19,8,10,M2,-382713
4768765810,69015,male,Age ≤ 20,18,8,14,8,L3,96495
8241be19cb,553,male,Age ≤ 20,16,15,8,16,M2,-3155331
e6d3b7c60c,58545,male,Age ≤ 20,8,14,11,20,L2,-725046
f10503974e,38216,male,Age ≤ 20,10,11,15,19,L3,-2106335
60f5d8064b,58759,male,Age ≤ 20,16,17,17,18,L1,1001551
458498bc71,16279,male,Age ≤ 20,7,14,11,17,L1,-1538562
efda9e7cd4,94683,male,Age ≤ 20,10,14,16,16,M1,-691786
d84d30c469,17297,male,Age ≤ 20,12,15,9,18,L3,-433551
a3e7c5399d,20923,male,Age ≤ 20,10,14,12,9,M1,883008
7253d876d8,30496,male,Age ≤ 20,11,11,13,15,L2,287123
6fc06f3ef8,47351,male,Age ≤ 20,14,18,12,17,M2,353826
af722afe25,29210,male,Age ≤ 20,11,16,19,16,M2,1591717
d7979dfb12,46862,male,Age ≤ 20,18,8,10,14,L2,-909901
0d56c0f03d,80976,female,20 < Age ≤ 30,10,12,9,14,L3,206627
bcc6ac004e,90642,female,20 < Age ≤ 30,8,10,11,11,M2,1249839
8fdf7cc662,19857,female,20 < Age ≤ 30,16,7,20,7,M2,668836
c3832e357c,69983,female,20 < Age ≤ 30,17,20,15,19,M1,742205
af48142411,14452,female,20 < Age ≤ 30,16,17,8,13,M1,-3130295
241091f879,47696,female,20 < Age ≤ 30,14,18,20,12,L3,380673
2ffcd12ae2,53262,female,20 < Age ≤ 30,9,18,9,7,L3,-1325545
830f4d632a,99630,female,20 < Age ≤ 30,12,10,12,18,M2,-193356
7736eb134d,11027,female,20 < Age ≤ 30,8,17,16,16,L1,-318535
2f68b89ca2,57286,female,20 < Age ≤ 30,15,8,11,10,M2,-436453
9f05fe42bb,19046,female,20 < Age ≤ 30,9,7,10,10,M1,66893
810ad0d0cf,12320,female,20 < Age ≤ 30,7,19,18,19,M1,1779869
94e58af311,87019,female,20 < Age ≤ 30,7,18,15,15,L1,430035
71f4182083,4767,female,20 < Age ≤ 30,9,16,19,19,L2,-493364
09f18e195e,80473,female,20 < Age ≤ 30,17,9,9,15,L3,-317491
f33bb77136,85426,female,20 < Age ≤ 30,16,7,14,13,L2,131899
5a37983540,75034,female,20 < Age ≤ 30,18,9,20,19,M1,-306369
daf872193a,76557,female,20 < Age ≤ 30,13,8,20,8,M2,171395
7865fcf2cf,13560,female,20 < Age ≤ 30,9,19,18,18,L2,-84434
715e9bb340,17805,female,20 < Age ≤ 30,10,16,17,8,L2,969828
342fd50fda,76527,female,20 < Age ≤ 30,15,20,15,17,L1,-405040
17d74d0bd9,12547,female,20 < Age ≤ 30,8,19,16,17,M2,264585
13435b2c03,93978,female,20 < Age ≤ 30,12,9,11,11,L1,469494
24d7af4b3a,94950,female,20 < Age ≤ 30,20,10,8,16,L2,1247372
730f2a988c,47237,female,20 < Age ≤ 30,11,8,9,12,L1,657288
697c44a65c,18173,female,20 < Age ≤ 30,17,7,18,10,L3,267147
7ff7724e88,62998,female,20 < Age ≤ 30,14,15,10,9,M2,1537279
a8e38a4d20,21488,female,20 < Age ≤ 30,11,14,11,14,L3,-322149
15a7a15f1f,64864,female,20 < Age ≤ 30,13,17,18,7,L1,-530270
245eb645f1,78825,female,20 < Age ≤ 30,7,17,8,14,M2,-1745468
793fb7a871,82203,female,20 < Age ≤ 30,20,13,18,17,L3,-1572507
1bfbab7470,55415,female,20 < Age ≤ 30,13,18,15,15,L1,1778354
6a13e00a33,17656,female,20 < Age ≤ 30,14,11,20,14,M1,-182119
e54c8150a7,970,female,20 < Age ≤ 30,15,9,7,17,M1,615947
33e1f0b143,89089,female,20 < Age ≤ 30,16,8,11,8,L3,485484
2dc986bdab,60586,female,20 < Age ≤ 30,11,15,14,15,L2,-914016
a9de1b8a51,68703,female,20 < Age ≤ 30,10,11,7,15,L1,694853
0c1cfcf86a,57890,female,20 < Age ≤ 30,19,20,8,18,L3,-1204852
0ae8334a75,42136,female,20 < Age ≤ 30,8,18,8,16,M1,-1502423
6b898f2e1a,49269,female,20 < Age ≤ 30,16,18,13,12,L1,-383191
fadf178a1a,31521,female,20 < Age ≤ 30,20,15,8,11,L3,-184740
73f4d951b8,95384,female,20 < Age ≤ 30,13,7,19,7,L2,190992
3decbe2b2b,31917,female,20 < Age ≤ 30,13,16,13,16,M1,397535
c9eb158ec5,37020,female,20 < Age ≤ 30,12,9,13,12,M1,-1288143
0a0c6798d2,53735,female,20 < Age ≤ 30,13,10,17,20,L2,-1575158
5d1b217f9c,59656,female,20 < Age ≤ 30,10,19,20,9,L2,-210247
63bf9554c5,46951,female,20 < Age ≤ 30,7,7,18,13,L1,-984357
a27a55f7f1,66715,female,20 < Age ≤ 30,20,16,13,9,L3,-978888
1dec100cbd,18445,female,20 < Age ≤ 30,13,10,17,16,M2,777730
b8215e221b,8171,female,20 < Age ≤ 30,16,12,11,18,M2,2998592
44cab401e5,48949,female,20 < Age ≤ 30,10,13,20,9,L1,1141186
dce4e2ce41,86213,female,20 < Age ≤ 30,9,17,14,14,M1,-2201421
db102c7ced,77883,female,20 < Age ≤ 30,7,20,10,7,L2,361657
fe77c91c49,50335,female,20 < Age ≤ 30,7,13,9,18,M1,-3749711
d1e575ca33,17509,female,20 < Age ≤ 30,12,20,9,9,M1,-387756
95791bfce7,26249,female,20 < Age ≤ 30,18,17,11,19,L1,-154515
659399933b,40782,female,20 < Age ≤ 30,19,18,12,10,L2,-1209394
6c2aabc665,22938,female,20 < Age ≤ 30,20,13,17,11,M2,-26689
966d567088,48849,female,20 < Age ≤ 30,9,11,8,8,L3,2199422
533d965f32,13220,female,20 < Age ≤ 30,8,17,16,10,M1,-1729639
da2f6b55f3,66474,female,20 < Age ≤ 30,9,8,14,15,L3,795054
78bc8f896b,35396,female,20 < Age ≤ 30,7,16,17,14,M2,402115
ef0c31b814,43657,female,20 < Age ≤ 30,19,9,11,17,L1,-524396
47574b4907,33250,female,20 < Age ≤ 30,12,18,10,9,M2,-646957
ad85545b55,16647,female,20 < Age ≤ 30,12,9,16,8,M1,-598822
0bc91d7906,77793,female,20 < Age ≤ 30,12,20,12,16,L1,1561531
4ab009702f,16075,female,20 < Age ≤ 30,16,18,20,14,L2,-293295
1337a84746,24431,female,20 < Age ≤ 30,10,10,19,7,M2,2271811
1b11caf78c,54260,female,20 < Age ≤ 30,16,15,14,18,L1,183898
12a5e6c26c,90573,female,20 < Age ≤ 30,16,19,13,17,L2,-534488
d8951bb6e9,71952,female,20 < Age ≤ 30,12,9,8,7,L1,-34483
a07ef39763,80064,female,20 < Age ≤ 30,10,19,7,17,L2,-259588
cf481b4f4a,98060,female,20 < Age ≤ 30,14,19,12,12,M1,-824324
729c4c22d6,78028,female,20 < Age ≤ 30,14,20,7,13,L3,296969
0e399a02ca,84406,female,20 < Age ≤ 30,18,14,8,20,L1,-2425248
e935caa0ce,83281,female,20 < Age ≤ 30,13,9,12,20,L1,570698
1498616ccd,68044,female,20 < Age ≤ 30,7,10,12,12,L2,1719714
5b802dfdf8,95355,female,20 < Age ≤ 30,12,11,20,7,L2,-361259
9b12f98306,21599,female,20 < Age ≤ 30,12,7,17,17,L1,1518152
0d8f461b63,18288,female,20 < Age ≤ 30,17,19,9,17,L1,-482222
15f376801b,88585,female,20 < Age ≤ 30,10,17,15,12,L3,424599
8c7e008340,57115,female,20 < Age ≤ 30,16,13,9,14,L3,1785496
4246c5a69b,21704,female,20 < Age ≤ 30,7,16,14,8,M1,-2799471
fd69b0ad72,84226,female,20 < Age ≤ 30,9,16,20,16,M1,-292391
604db056d3,2944,female,20 < Age ≤ 30,19,18,12,20,M1,2503092
8a2f9c6de6,20303,female,20 < Age ≤ 30,15,10,19,14,M2,650399
13a6c5a687,50511,female,20 < Age ≤ 30,14,8,14,7,L2,626847
26865e35c5,14930,female,20 < Age ≤ 30,14,17,20,14,L3,739293
dbb9ab49f7,69510,female,20 < Age ≤ 30,7,8,18,16,L3,1154191
d19f00d601,13021,female,20 < Age ≤ 30,9,7,15,9,M1,-5344578
a0f1a320d8,78796,female,20 < Age ≤ 30,17,19,9,20,M2,-28680
e86633c3e5,81264,female,20 < Age ≤ 30,11,14,13,7,M2,-1035803
eb19d2f142,98243,female,20 < Age ≤ 30,13,11,12,20,M1,-857960
59142009ce,13435,female,20 < Age ≤ 30,9,12,13,8,L3,-623722
491e66c73c,92845,female,20 < Age ≤ 30,15,11,10,13,M2,-7413
c5c1f2a7cf,86387,female,20 < Age ≤ 30,9,11,8,11,L3,-964977
065579011e,17105,female,20 < Age ≤ 30,13,11,12,11,L2,-833629
6162ea04e5,35688,female,20 < Age ≤ 30,16,15,19,16,L2,1717265
2c406cdcf8,23704,female,20 < Age ≤ 30,14,12,12,16,M2,-2036781
778bfec125,42954,female,20 < Age ≤ 30,7,8,18,13,L2,4041479
3da096a89f,54652,female,20 < Age ≤ 30,11,13,7,15,L3,188372
afb5cdbd3e,30364,female,20 < Age ≤ 30,19,20,11,13,L1,1561917
ed4787d80c,88162,female,20 < Age ≤ 30,16,9,18,12,L3,1146959
a8aaff8105,48644,female,20 < Age ≤ 30,18,16,19,10,L2,-139423
e0429c45f8,5484,female,20 < Age ≤ 30,13,15,18,10,L1,-2937441
c7a8803aae,38381,female,20 < Age ≤ 30,10,7,19,9,L3,329431
a78a247423,69915,female,20 < Age ≤ 30,19,7,15,11,L3,-95956
79027e53b9,83847,female,20 < Age ≤ 30,11,7,15,9,L3,-73913
fc4929d017,20554,female,20 < Age ≤ 30,17,8,19,17,L2,-140921
5d824143d7,34141,female,20 < Age ≤ 30,18,11,20,8,L3,4271619
f12b289786,75477,female,20 < Age ≤ 30,10,9,10,19,L2,174877
07f7a88fbf,97318,female,20 < Age ≤ 30,9,8,12,7,L2,1541376
4c494c999d,76009,female,20 < Age ≤ 30,11,7,10,11,L2,468877
5f04ff1307,84961,female,20 < Age ≤ 30,10,20,9,20,M1,420341
ce115b8e9a,97260,female,20 < Age ≤ 30,13,13,11,12,M1,-3295514
125f057b64,97113,female,20 < Age ≤ 30,9,15,9,9,M2,706751
10398555a3,11050,female,20 < Age ≤ 30,11,14,7,19,M1,144676
0856b0329c,5957,female,20 < Age ≤ 30,8,8,20,8,L2,-767001
e146e80096,41484,female,20 < Age ≤ 30,7,11,20,20,L2,179401
b5bc010007,43580,female,20 < Age ≤ 30,7,17,7,14,M2,-1885385
5c9cfbf2f3,17235,female,20 < Age ≤ 30,17,15,13,10,M1,1277391
9bd76bf24a,21744,female,20 < Age ≤ 30,20,19,18,12,L3,284343
160a6532ac,89109,female,20 < Age ≤ 30,15,10,17,20,M1,847620
a5699a5981,65010,female,20 < Age ≤ 30,12,9,20,15,M1,1460151
b4b18ec6ce,76679,female,20 < Age ≤ 30,20,14,8,15,L2,-906341
9c824e6ecb,97835,female,20 < Age ≤ 30,17,12,10,7,L2,1015067
9ef24bb772,90674,female,20 < Age ≤ 30,18,18,14,13,M1,-1239532
c140a2fb53,46951,female,20 < Age ≤ 30,19,17,7,12,L3,-2243581
d6f23bb14b,61374,female,20 < Age ≤ 30,9,11,14,10,L3,887022
a29e59d1e3,18745,female,20 < Age ≤ 30,9,16,10,14,M1,1710590
661f0e5219,95301,female,20 < Age ≤ 30,7,9,7,15,L3,-332506
e612af8ca8,68940,female,20 < Age ≤ 30,8,8,7,17,L3,1317640
d9bb2023d1,54898,female,20 < Age ≤ 30,12,18,10,19,L1,1411900
3e57ebd9d8,46437,female,20 < Age ≤ 30,18,12,14,13,L2,567665
c1c4b19356,59258,female,20 < Age ≤ 30,12,8,18,16,L3,-338204
4572ea7e68,68412,female,20 < Age ≤ 30,17,17,16,19,M2,-1945131
f8c935a30b,41130,female,20 < Age ≤ 30,8,19,18,12,L3,-5742726
66e9d829af,37482,female,20 < Age ≤ 30,9,11,9,14,M1,-559847
d932efb640,1526,female,20 < Age ≤ 30,17,11,14,18,L3,2496761
3d7b0d446f,34254,female,20 < Age ≤ 30,20,11,8,11,L3,182884
b1352b1332,80585,female,20 < Age ≤ 30,14,12,11,9,M2,-78138
898d507c2b,81423,female,20 < Age ≤ 30,19,18,20,20,L2,-362828
b430b0f360,63496,female,20 < Age ≤ 30,19,18,13,9,L1,-1124488
e55f3fd230,93320,female,20 < Age ≤ 30,12,8,19,18,L2,2202373
f62634a30d,96059,female,20 < Age ≤ 30,9,17,15,15,L1,-2538938
d427e037ee,77159,female,20 < Age ≤ 30,17,14,19,13,L1,1014251
3d1fd85f9c,66680,female,20 < Age ≤ 30,11,19,10,15,L3,-524993
a7396b6462,50091,female,20 < Age ≤ 30,17,8,17,19,M1,62125
58503047f3,84815,female,20 < Age ≤ 30,9,18,10,7,L2,-2639243
319e32e578,76001,female,20 < Age ≤ 30,20,11,16,14,M2,1417595
839cbd8f60,10387,female,20 < Age ≤ 30,7,12,7,9,M2,-212032
435f797726,92348,female,20 < Age ≤ 30,19,20,12,13,M1,468860
71b4217a87,58484,female,20 < Age ≤ 30,11,19,13,14,M1,-2083364
85368fc992,62428,female,20 < Age ≤ 30,14,14,17,8,L2,-628086
2256219fda,85293,female,20 < Age ≤ 30,14,10,10,9,M2,-574372
c6d2ab4428,8725,female,20 < Age ≤ 30,19,15,12,14,M1,-514235
058fd364af,96033,female,20 < Age ≤ 30,16,9,9,20,L1,-1385759
93d7558c34,16697,female,20 < Age ≤ 30,14,11,16,12,L3,1008903
3e5be315a9,6718,female,20 < Age ≤ 30,19,18,11,13,M1,134848
98dfb2798b,70740,female,20 < Age ≤ 30,7,20,11,18,L1,939110
aaef54d18e,20738,female,20 < Age ≤ 30,17,17,9,14,L1,-2795938
f4e809f901,4845,female,20 < Age ≤ 30,10,14,17,9,L3,-3815286
1802f3d51f,52908,female,20 < Age ≤ 30,12,11,16,17,L3,2148083
c5b24295e7,77197,female,20 < Age ≤ 30,15,20,10,10,M1,-1507299
2fcb76b897,2554,female,20 < Age ≤ 30,15,7,14,13,L2,-3881725
57a91e5f1d,43004,female,20 < Age ≤ 30,10,9,8,12,L1,571400
43d56b194e,20838,female,20 < Age ≤ 30,18,14,12,7,L2,884602
751cf886c2,24163,female,20 < Age ≤ 30,11,16,16,16,L2,-696528
e307b50de6,60966,female,20 < Age ≤ 30,14,18,12,9,M1,-727903
748b07eb0e,73487,female,20 < Age ≤ 30,13,13,7,14,L1,-1141163
376e82cb41,62867,female,20 < Age ≤ 30,14,9,15,13,M2,-4563050
765baa1cb5,88587,female,20 < Age ≤ 30,8,11,9,15,M1,754923
47deede7dc,48602,female,20 < Age ≤ 30,13,15,19,17,L3,1920796
66efb4c3b5,89562,female,20 < Age ≤ 30,10,9,8,8,M2,-886474
901c1ff68c,11415,female,20 < Age ≤ 30,7,8,20,9,M2,147470
44313ba6f7,29409,female,20 < Age ≤ 30,12,19,8,9,L1,-918570
0a88a14c7c,7257,female,20 < Age ≤ 30,10,12,11,7,M1,482628
a4d06581b8,87962,female,20 < Age ≤ 30,20,10,16,11,M1,-449744
aea7391ed1,11250,female,20 < Age ≤ 30,18,8,12,12,M2,-352104
4c2e0a3caf,79411,female,20 < Age ≤ 30,16,17,18,12,L1,3118492
a9d3e6ce18,53396,female,20 < Age ≤ 30,11,14,10,17,L1,-532381
29075c320b,1556,female,20 < Age ≤ 30,20,10,10,10,L2,-54688
c622c41bd6,87914,female,20 < Age ≤ 30,17,10,20,9,L3,1086671
a25171350c,68965,female,20 < Age ≤ 30,14,17,13,16,M2,1114313
8e5481f738,85708,female,20 < Age ≤ 30,14,12,10,14,L1,-961304
3d2aee08ff,1787,female,20 < Age ≤ 30,20,11,19,18,M1,-349856
ac3dc17c06,95877,female,20 < Age ≤ 30,16,13,12,19,L2,1381369
5c2d9e2448,58745,female,20 < Age ≤ 30,9,8,14,19,M1,-886187
7dab71d914,26499,female,20 < Age ≤ 30,7,7,9,7,L1,-951343
6ef8e2fe39,84308,female,20 < Age ≤ 30,20,11,12,7,L2,-411910
ed4c230aac,41157,female,20 < Age ≤ 30,16,12,9,7,M2,658062
b713a02f42,53356,female,20 < Age ≤ 30,18,10,13,20,L3,309607
4407d4ece5,80028,female,20 < Age ≤ 30,9,10,19,16,L1,296277
48c79a3456,39012,female,20 < Age ≤ 30,20,9,20,18,M1,-2303474
41adcc8070,17547,female,20 < Age ≤ 30,7,9,7,11,M2,3510282
4faba5ae53,2778,female,20 < Age ≤ 30,16,18,16,20,L2,-823911
356e88dbd0,49942,female,20 < Age ≤ 30,7,12,19,9,L3,-1100337
5a134526c7,26739,female,20 < Age ≤ 30,18,15,13,17,L2,960839
3fd1d00b71,48378,female,20 < Age ≤ 30,11,18,9,16,L3,770459
fdf18c48cf,26721,female,20 < Age ≤ 30,7,20,16,11,M2,2244601
b620c646d4,12679,female,20 < Age ≤ 30,15,15,17,19,L2,-383720
27ea8f9ef0,54839,female,20 < Age ≤ 30,13,16,17,12,L1,-83498
a5d33c85b0,28950,female,20 < Age ≤ 30,16,18,19,16,L3,233883
64d731b1b3,86147,female,20 < Age ≤ 30,17,15,15,18,L1,547288
174c04f1a9,63229,female,20 < Age ≤ 30,20,19,9,12,M1,-1376081
9256705a88,8498,female,20 < Age ≤ 30,7,12,19,7,L3,2213135
606528134b,80483,female,20 < Age ≤ 30,7,16,11,17,L2,22221
e231e5b1e0,48756,female,20 < Age ≤ 30,11,9,7,13,L3,1086896
17718bd9cb,82366,female,20 < Age ≤ 30,15,18,11,10,L1,444697
96d98759d8,62901,female,20 < Age ≤ 30,7,17,9,8,M2,-2301550
7d688d5beb,79566,female,20 < Age ≤ 30,8,7,9,18,M2,1268584
471d0af4bf,98179,female,20 < Age ≤ 30,13,9,15,12,M1,-3089260
32eb42d0bf,39107,female,20 < Age ≤ 30,14,8,10,8,L1,1316312
131b10869d,47582,female,20 < Age ≤ 30,9,20,15,18,L2,-1418912
e0c982f3c0,32181,female,20 < Age ≤ 30,19,17,8,14,L1,-1343524
a3487a0345,14786,female,20 < Age ≤ 30,19,11,13,8,L3,620452
1b2cd0a77c,84748,female,20 < Age ≤ 30,16,15,12,18,L3,-946115
e4698a43ab,54217,female,20 < Age ≤ 30,15,14,20,16,M1,407266
2a55db0358,10415,female,20 < Age ≤ 30,19,13,7,20,L2,-888254
54e5d6df0e,12275,female,20 < Age ≤ 30,15,11,9,18,L1,1460533
afc9377880,77030,female,20 < Age ≤ 30,7,19,18,12,L3,-134725
7245d7e9ae,67759,female,20 < Age ≤ 30,9,16,15,12,M1,593479
99e95b4357,98063,female,20 < Age ≤ 30,7,13,19,12,L2,734574
360e97516d,67635,female,20 < Age ≤ 30,13,20,13,17,M1,20151
877a345d26,42950,female,20 < Age ≤ 30,12,12,11,9,M1,-315246
af58e46f1a,51476,female,20 < Age ≤ 30,11,7,14,9,L1,-83340
b135fb046a,51717,female,20 < Age ≤ 30,16,16,15,14,L2,639442
47ef119ac0,37150,female,20 < Age ≤ 30,20,18,19,13,M2,3046412
2d72530439,2184,female,20 < Age ≤ 30,14,14,19,20,L3,1285773
e2812431b9,38980,female,20 < Age ≤ 30,16,19,20,8,L2,2666586
9b712b1ceb,23236,female,20 < Age ≤ 30,20,11,19,16,L3,-250759
de832ff310,83980,female,20 < Age ≤ 30,18,11,12,7,M1,1787409
b7984cb2ea,53219,female,20 < Age ≤ 30,19,17,18,19,M1,496375
d258081a02,63368,female,20 < Age ≤ 30,18,16,7,19,L1,428898
08324cfdb7,22518,female,20 < Age ≤ 30,20,19,7,12,L1,1478276
67c77e7105,28901,female,20 < Age ≤ 30,8,16,14,18,L3,757391
0479947d66,79769,female,20 < Age ≤ 30,14,20,12,20,L1,-347574
4016815162,7938,female,20 < Age ≤ 30,13,10,10,19,L1,-493366
03e4245c0f,45693,female,20 < Age ≤ 30,17,12,17,7,L1,-1688739
40c14eefaa,75774,female,20 < Age ≤ 30,20,17,12,7,L1,1631215
8ab372b5e3,48095,female,20 < Age ≤ 30,8,13,8,19,L2,64394
6904d135a9,37389,female,20 < Age ≤ 30,13,17,11,11,L1,-131737
87010831b2,70050,female,20 < Age ≤ 30,8,8,14,19,L3,-1701116
dc982368b0,69032,female,20 < Age ≤ 30,20,18,8,12,M1,1324655
0c8de1c27f,43763,female,20 < Age ≤ 30,13,11,18,15,L1,-546537
64eca0b741,77218,female,20 < Age ≤ 30,18,20,12,11,M2,949655
9de3fd9756,79243,female,20 < Age ≤ 30,12,7,10,9,L2,-896325
439752dc47,36597,female,20 < Age ≤ 30,16,8,16,13,L1,-582366
fad0eedd98,88948,female,20 < Age ≤ 30,9,8,10,20,L3,-910330
8f45513310,31737,female,20 < Age ≤ 30,7,14,20,16,L1,-539495
a1d1556ef3,29233,female,20 < Age ≤ 30,19,11,15,18,M2,-237227
ee9109cc69,99802,female,20 < Age ≤ 30,12,12,16,16,M1,-284382
8b148c52a1,78827,female,20 < Age ≤ 30,10,13,19,10,M2,1318504
9d90fa0f42,28414,female,20 < Age ≤ 30,20,17,8,8,M2,-184023
d30fc81c3b,25124,female,20 < Age ≤ 30,11,18,16,11,M1,-237427
1f74f6c609,74971,female,20 < Age ≤ 30,16,11,14,17,M2,-99590
2949c0173d,30676,female,20 < Age ≤ 30,18,15,18,14,L3,-2047167
faea92a94c,31553,female,20 < Age ≤ 30,9,8,13,9,L1,616249
cc71998b52,70975,female,20 < Age ≤ 30,12,15,11,12,L3,99641
2d6880b414,38667,female,20 < Age ≤ 30,16,18,16,11,L1,683832
13913abdf6,36109,female,20 < Age ≤ 30,12,16,14,12,M1,72908
3850a2a6b5,99886,female,20 < Age ≤ 30,16,11,9,19,L2,1732556
5917434404,18097,female,20 < Age ≤ 30,18,8,19,8,L2,110866
5d9977e286,35164,female,20 < Age ≤ 30,17,10,9,14,M2,-659793
058f0e3b30,72519,female,20 < Age ≤ 30,13,20,12,15,M2,1938516
097b96aafc,33198,female,20 < Age ≤ 30,9,13,20,7,L2,1352154
19b0baa765,15467,female,20 < Age ≤ 30,7,7,7,19,L2,-4340568
8b67f840cd,30526,female,20 < Age ≤ 30,13,18,14,10,M2,381377
e0775d8701,21668,female,20 < Age ≤ 30,17,12,10,7,L1,1216554
5fbfd56c5d,98944,female,20 < Age ≤ 30,9,14,13,20,M2,521812
2136b17c13,43943,female,20 < Age ≤ 30,10,11,20,11,L3,1577019
885c55f59e,67882,female,20 < Age ≤ 30,7,7,9,9,L3,1030214
736f29dfba,29565,female,20 < Age ≤ 30,20,15,9,13,M2,234049
dcac445a51,17152,female,20 < Age ≤ 30,8,12,10,12,L3,865754
465cd48d55,37833,female,20 < Age ≤ 30,8,10,15,18,L2,901545
451a41b5cd,10824,female,20 < Age ≤ 30,11,10,11,12,M1,-717463
8602853825,48099,female,20 < Age ≤ 30,12,14,12,16,L3,-340897
36142afb8c,39792,female,20 < Age ≤ 30,8,11,9,14,L2,-104468
fd1be963ed,884,female,20 < Age ≤ 30,12,15,20,12,L3,-2223418
045ca3a2f0,30631,female,20 < Age ≤ 30,14,18,16,10,L1,-272734
203f9d1e21,26466,female,20 < Age ≤ 30,14,16,20,18,M2,-1573488
2ee0aa6cec,69027,female,20 < Age ≤ 30,10,15,17,19,L1,-324535
eb1a6dc861,35132,female,20 < Age ≤ 30,15,17,12,15,M1,1010643
3a34539976,26872,female,20 < Age ≤ 30,17,10,10,16,L2,1686748
4f2f286b30,1764,female,20 < Age ≤ 30,12,17,18,13,M1,916839
1b92f9ffc6,94602,female,20 < Age ≤ 30,14,18,13,17,L2,-345810
d20eeb139e,79617,female,20 < Age ≤ 30,11,14,14,16,L2,-701633
0e8da1f495,76847,female,20 < Age ≤ 30,7,11,9,18,L1,868770
5e91c76655,52495,female,20 < Age ≤ 30,10,15,17,9,M1,308369
f0127b2759,90075,female,20 < Age ≤ 30,18,11,12,10,M2,1780938
1a12a80e4e,58359,female,20 < Age ≤ 30,14,18,7,17,L2,-848449
883272d1e2,9854,female,20 < Age ≤ 30,10,8,17,19,L3,-147613
e6dccf36db,26475,female,20 < Age ≤ 30,18,20,19,9,L1,151693
e33a2af7b3,15783,female,20 < Age ≤ 30,7,11,11,17,M1,246218
10363c9ae2,11300,female,20 < Age ≤ 30,15,20,13,13,L1,344858
b992454454,77479,female,20 < Age ≤ 30,15,7,7,15,L2,-4680991
2b3fa10f99,34108,female,20 < Age ≤ 30,10,18,13,10,L3,2120844
e52e2e5b6f,52246,female,20 < Age ≤ 30,18,8,17,13,L1,-2498920
e55b7d2d91,98796,female,20 < Age ≤ 30,9,14,8,14,L2,-1173251
9fe131bca6,49792,female,20 < Age ≤ 30,8,14,18,8,L3,-342286
35c11b8a44,67039,female,20 < Age ≤ 30,9,20,18,17,L2,-38981
22871099ea,8364,female,20 < Age ≤ 30,9,15,18,7,M2,-2432266
50d68db07d,60396,female,20 < Age ≤ 30,8,7,18,7,M2,-253984
92cdcdb865,18985,female,20 < Age ≤ 30,18,8,16,9,M1,-624428
cae59409b6,51729,female,20 < Age ≤ 30,11,13,16,12,M1,-3019872
25b770a7a3,32194,female,20 < Age ≤ 30,7,15,17,11,M2,-1502584
ec2a25984c,86985,female,20 < Age ≤ 30,15,20,20,15,L1,666241
807e64f84e,54842,female,20 < Age ≤ 30,16,17,11,15,L1,227302
acc32d0808,37237,female,20 < Age ≤ 30,16,15,18,14,L3,-1123086
0e2e5b6698,59742,female,20 < Age ≤ 30,15,19,8,9,M1,-745962
4dc8b6d566,33371,female,20 < Age ≤ 30,10,12,8,11,L1,-149419
e72beb9fe6,74107,female,20 < Age ≤ 30,11,15,19,19,L2,-355320
2a5ac7b8e5,36693,female,20 < Age ≤ 30,13,14,16,17,L1,-133610
486aded782,73335,female,20 < Age ≤ 30,10,7,16,19,M2,815166
0b7fa52a1c,47177,female,20 < Age ≤ 30,9,17,8,20,L3,148851
d31bf949a6,82553,female,20 < Age ≤ 30,12,7,8,8,L1,824324
92f5e81f21,99040,female,20 < Age ≤ 30,20,8,18,10,M2,620479
a89a19c09b,5954,female,20 < Age ≤ 30,17,9,12,19,L1,-1559435
4e0ccdcf05,52682,female,20 < Age ≤ 30,9,18,13,20,M2,-830605
38a5c9b9e3,97033,female,20 < Age ≤ 30,14,17,10,12,M1,889466
597cbbeb1d,71400,female,20 < Age ≤ 30,9,13,7,18,L2,118558
01a9080b23,82254,female,20 < Age ≤ 30,14,17,20,14,L3,-3039550
5edd817cf1,47809,female,20 < Age ≤ 30,11,17,20,16,L1,-2144934
4cf349fadd,98926,female,20 < Age ≤ 30,13,8,17,20,L1,-215385
478d594541,86329,female,20 < Age ≤ 30,15,12,17,12,L3,-2864581
7bc4aa9bf4,76583,female,20 < Age ≤ 30,9,14,7,19,L1,1353709
ee66f1395c,32060,female,20 < Age ≤ 30,9,16,20,19,M1,311347
3511b8b23f,26398,female,20 < Age ≤ 30,20,9,15,11,L2,2215753
45f4802e1b,61474,female,20 < Age ≤ 30,10,13,14,7,L3,3510392
caa18075c6,33195,female,20 < Age ≤ 30,14,7,18,9,L1,2117170
5195ff4d4f,55030,female,20 < Age ≤ 30,19,17,19,16,L3,-86636
8ce8733796,46602,female,20 < Age ≤ 30,18,12,8,8,L2,822228
8744f90716,45158,female,20 < Age ≤ 30,15,13,8,8,M2,150299
6e8849e886,20904,female,20 < Age ≤ 30,19,17,17,19,M1,-330019
16fab23a00,52862,female,20 < Age ≤ 30,16,12,17,10,L2,-2735823
471e78e576,28125,female,20 < Age ≤ 30,12,16,16,18,L2,121643
073ee3fdbe,63270,female,20 < Age ≤ 30,8,17,8,15,L3,1656675
0da2e62d0d,61824,female,20 < Age ≤ 30,7,10,19,15,L2,566105
8e1893f3a2,51840,female,20 < Age ≤ 30,19,9,20,10,M1,-1232799
622bb23943,84330,female,20 < Age ≤ 30,20,8,13,7,L3,723479
5361b01b5c,90593,female,20 < Age ≤ 30,9,12,15,16,L2,-943304
8b4b16f456,75540,female,20 < Age ≤ 30,20,8,13,13,L1,924335
740ae5f777,1426,female,20 < Age ≤ 30,16,17,11,15,L2,95515
be3311f25e,4381,female,20 < Age ≤ 30,7,13,13,7,L3,59113
6c6159dbc8,43753,female,20 < Age ≤ 30,7,16,8,11,L1,955344
6d7053bcef,78444,female,20 < Age ≤ 30,18,8,10,8,L3,-75366
6c1f1105bf,64770,female,20 < Age ≤ 30,11,7,10,18,M2,324669
6abc3cc89a,29938,female,20 < Age ≤ 30,17,15,20,12,L2,-936322
eef2b27c12,81226,female,20 < Age ≤ 30,14,7,7,7,M2,1100223
45c7b5a96e,15216,female,20 < Age ≤ 30,19,13,13,13,M2,-573118
4c66b9af53,62749,female,20 < Age ≤ 30,19,13,17,17,M2,1712848
e3dd495913,47747,female,20 < Age ≤ 30,14,19,10,14,M1,-1698596
ec66c4e1a3,56309,female,20 < Age ≤ 30,14,11,17,12,M2,-982062
ed1fa46099,63288,female,20 < Age ≤ 30,17,15,8,10,L2,-926784
75b6a19697,43717,female,20 < Age ≤ 30,11,15,20,8,M1,266444
6f83048f5b,99804,female,20 < Age ≤ 30,16,9,13,12,L2,4435267
0932d82780,76057,female,20 < Age ≤ 30,13,11,16,8,L1,536307
4a1ae6005f,86922,female,20 < Age ≤ 30,12,7,7,14,M1,-382261
b5a843b42b,49099,female,20 < Age ≤ 30,17,14,10,8,L1,28792
acdd5a64cd,35093,female,20 < Age ≤ 30,19,15,7,12,M2,3207659
4f5a3118ed,2924,female,20 < Age ≤ 30,13,15,7,16,M2,827654
2358a38f32,15578,female,20 < Age ≤ 30,8,20,14,20,L2,742947
42d21c37b7,78978,female,20 < Age ≤ 30,17,11,20,19,M2,-474651
5c512de20d,23617,female,20 < Age ≤ 30,8,7,8,8,L2,232223
c44f850d3c,11857,female,20 < Age ≤ 30,20,11,11,20,L3,-273252
36d4392e5b,55650,female,20 < Age ≤ 30,8,8,18,13,M1,-645605
6a1997504a,75145,female,20 < Age ≤ 30,19,16,17,14,L1,99738
769f596796,60053,female,20 < Age ≤ 30,16,17,19,10,L1,912036
48b707b0ce,52195,female,20 < Age ≤ 30,12,17,8,17,L1,136825
44019d3640,7386,female,20 < Age ≤ 30,14,16,15,11,L1,1419678
ed078eff41,88551,female,20 < Age ≤ 30,12,14,9,10,L1,-1896174
2db68b73bc,69096,female,20 < Age ≤ 30,19,9,7,10,L3,919547
4e80060301,13877,female,20 < Age ≤ 30,18,13,12,17,L3,-35375
72f15ef7e7,54287,female,20 < Age ≤ 30,11,18,20,7,L1,70212
deeeed3b34,52817,female,20 < Age ≤ 30,20,11,8,19,L2,171045
71da738d81,62702,female,20 < Age ≤ 30,20,11,11,8,M1,103171
68990e58b7,28056,female,20 < Age ≤ 30,11,17,16,12,M1,-979274
153503cfbf,69477,female,20 < Age ≤ 30,18,14,20,16,L2,-206943
6b3f4c7c6c,38817,female,20 < Age ≤ 30,20,13,7,16,M1,198678
aa1358d264,11663,female,20 < Age ≤ 30,15,8,11,17,L2,-496910
370c28789c,587,female,20 < Age ≤ 30,16,10,18,8,L1,-593934
8d5193c246,98314,female,20 < Age ≤ 30,9,9,10,13,M2,-288008
dd44afe7f6,65213,female,20 < Age ≤ 30,13,17,19,13,L1,1112810
bb5cd2d86c,2260,female,20 < Age ≤ 30,8,15,15,11,M2,-759234
a2a597a4c1,75249,female,20 < Age ≤ 30,12,9,17,17,L1,249446
2ef13b099b,43228,female,20 < Age ≤ 30,14,15,13,15,L3,2068528
a5df75c8ef,41260,female,20 < Age ≤ 30,18,13,19,20,L3,-327646
8f0b4434e7,3283,female,20 < Age ≤ 30,19,18,11,14,M1,-548751
700b68b209,4739,female,Age ≤ 20,19,14,7,19,L3,65813
8e59669aad,2037,female,Age ≤ 20,16,11,13,11,L2,-160838
064a420448,40631,female,Age ≤ 20,19,9,7,10,M1,494574
373101262c,3157,female,Age ≤ 20,12,18,11,14,L1,479888
e7b91ede38,7666,female,Age ≤ 20,16,8,17,15,L1,680542
d631edd398,97390,female,Age ≤ 20,16,10,11,10,L1,-151465
27b6f10ac9,9387,female,Age ≤ 20,8,16,18,20,L3,-1366461
faac273d57,93189,female,Age ≤ 20,7,14,13,18,M2,-986067
053a96df69,31415,female,Age ≤ 20,11,15,17,14,M1,570396
0918e35a9a,31828,female,Age ≤ 20,9,8,9,15,L2,-35260
6a2cdaf966,21651,female,Age ≤ 20,18,19,13,11,M1,1399223
9be0b9c4f2,59951,female,Age ≤ 20,14,18,10,9,M2,2005067
a33d5c6421,91424,female,Age ≤ 20,13,15,19,8,M1,-902699
7f6bf147ed,21605,female,Age ≤ 20,20,15,15,14,L1,-1258616
287a0fc9c5,75635,female,Age ≤ 20,18,8,8,12,L2,2778724
c1f9b08b93,41083,female,Age ≤ 20,15,19,20,9,L3,-81182
32791ba422,10174,female,Age ≤ 20,19,17,19,10,M1,2001374
bb67629f12,84225,female,Age ≤ 20,8,18,17,15,L1,872480
77440cf2bf,39008,female,Age ≤ 20,8,16,19,7,L1,35654
d8b15c36f1,35891,female,Age ≤ 20,11,9,12,7,M1,99846
7e5e214deb,1580,female,Age ≤ 20,7,19,13,19,L2,-156235
86ac1876d6,28305,female,Age ≤ 20,13,17,9,14,M2,-1918573
3a7d89072a,10695,female,Age ≤ 20,20,7,8,13,L1,-7396
9e7f0af64f,65125,female,Age ≤ 20,10,13,7,13,L1,175264
98e5e5ca1f,92046,female,Age ≤ 20,12,9,16,9,L2,298422
38e4b02e93,86245,female,Age ≤ 20,14,13,12,17,M2,-132415
a5393e09bb,95150,female,Age ≤ 20,7,12,19,20,L2,-2128183
e7ad8a56d6,18637,female,Age ≤ 20,12,16,19,10,M2,-134327
835e3ca848,51886,female,Age ≤ 20,12,13,18,8,L2,-246565
90dd7de361,90981,female,Age ≤ 20,14,17,8,11,M1,2748749
305e573a5e,74064,female,Age ≤ 20,8,9,10,7,M2,1260864
fd38bb1dd3,32164,female,Age ≤ 20,17,11,14,12,L3,-1630933
d25fb949fd,51476,female,Age ≤ 20,18,19,7,8,M2,-227393
ad0a01b6cd,98408,female,Age ≤ 20,10,16,10,20,M2,-40686
5052c53f1e,39596,female,Age ≤ 20,15,8,7,19,M1,-913544
51ad994a47,69352,female,Age ≤ 20,7,18,16,19,M2,-1752385
7eecbc14b9,12326,female,Age ≤ 20,18,8,9,12,L2,2094973
321b339b32,92138,female,Age ≤ 20,17,15,13,14,M1,1020140
f1de3ed5ff,54581,female,Age ≤ 20,16,17,7,20,M2,-1110037
e9ea563124,25917,female,Age ≤ 20,9,14,13,11,L3,-200110
e2fe0f8793,35131,female,Age ≤ 20,18,14,9,10,L1,347370
887a5eed26,6931,female,Age ≤ 20,10,9,15,14,L3,-1915768
1ab133dbcb,28278,female,Age ≤ 20,12,20,7,7,M1,-389180
3a14ee9b1a,36444,female,Age ≤ 20,11,18,13,18,L1,-19924
2fa6d7ffbf,9084,female,Age ≤ 20,11,19,10,10,L2,-1088396
ecfa08b1bd,82830,female,Age ≤ 20,14,9,19,12,L2,-1316532
72be8fa76f,93220,female,Age ≤ 20,11,16,18,12,L1,2294939
e8163e9f5a,40319,female,Age ≤ 20,12,9,12,14,M2,9704
a35f486911,99576,female,Age ≤ 20,8,16,14,18,L3,-1360142
b5e8a9e7e2,49706,female,Age ≤ 20,11,18,14,13,L3,-171327
9dc4678d4d,57970,female,Age ≤ 20,15,20,9,9,L1,592624
804b02db70,50104,female,Age ≤ 20,20,20,8,10,M2,1320632
70a1ba2646,65518,female,Age ≤ 20,16,7,9,20,L1,-1081578
97047c25d5,87173,female,Age ≤ 20,11,19,7,11,M1,333319
4caec20452,29575,female,Age ≤ 20,9,18,16,19,L1,1611891
10e3107f95,14611,female,Age ≤ 20,16,11,17,9,L3,-613814
5524eb3b9b,86353,female,Age ≤ 20,9,14,7,12,M1,-1156683
df5778f533,70931,female,Age ≤ 20,20,17,11,14,M1,-164627
ed252f269c,18596,female,Age ≤ 20,13,16,16,20,M2,-2350947
ce10d0328b,42584,female,Age ≤ 20,7,7,18,16,M1,-304773
6dc7704e11,41073,female,Age ≤ 20,9,7,18,12,M2,-503965
1a27b7a802,83031,female,Age ≤ 20,19,7,16,20,L1,-948019
f43ab7dc44,29213,female,Age ≤ 20,10,11,10,19,M1,1136034
580af82ed3,63653,female,Age ≤ 20,13,19,7,9,M2,-52328
3293444219,35783,female,Age ≤ 20,13,17,9,7,L3,-2655537
e7e24bea80,26126,female,Age ≤ 20,19,13,18,11,L3,-698603
409920b48b,90611,female,Age ≤ 20,12,19,17,15,L3,-220971
685f52e10f,29154,female,Age ≤ 20,19,7,20,13,L1,-167852
32886ca0f0,35843,female,Age ≤ 20,7,12,8,8,M2,-1120961
27bebed47b,7301,female,Age ≤ 20,17,17,10,19,L1,494309
fc3eac363d,59553,female,Age ≤ 20,15,7,8,16,M1,758095
d339763e00,55747,female,Age ≤ 20,20,15,10,13,M1,165735
48d3347f29,91437,female,Age ≤ 20,17,16,15,10,L1,1287096
4a91428e26,24425,female,Age ≤ 20,8,20,14,19,L1,-1601634
0ccd55ece3,78532,female,Age ≤ 20,17,13,17,17,M2,-750567
cb674b8356,13601,female,Age ≤ 20,11,18,10,13,L3,776825
45bba9a2bf,2192,female,Age ≤ 20,14,7,10,14,M1,-39711
03fb79243b,62196,female,Age ≤ 20,11,11,12,14,L1,4167193
76feaf630e,85690,female,Age ≤ 20,15,19,7,19,L3,969772
66bc0ecce3,19529,female,Age ≤ 20,13,7,9,14,L3,94946
280244d328,28531,female,Age ≤ 20,17,20,18,20,L1,-263195
9256ea3292,18460,female,Age ≤ 20,9,18,9,15,L2,-210114
5ec9addabd,79325,female,Age ≤ 20,9,12,7,18,L3,2374325
180732be92,2139,female,Age ≤ 20,15,20,17,7,M2,-433308
ceee6c54ac,7750,female,Age ≤ 20,16,7,12,19,L1,2005096
5d4c562f60,39585,female,Age ≤ 20,18,18,9,15,L2,13033
26ca7e8862,25881,female,Age ≤ 20,16,17,14,9,L3,-260598
37f9cdc038,29877,female,Age ≤ 20,14,11,17,9,L1,335186
403447c92c,11754,female,Age ≤ 20,12,10,13,17,L1,883014
e84529e822,32167,female,Age ≤ 20,8,14,14,12,M1,-39022
60edd2bc38,2887,female,Age ≤ 20,18,10,13,13,M2,2541967
769302b393,84021,female,Age ≤ 20,11,16,13,20,M2,1680219
e08eea29b7,25170,female,Age ≤ 20,11,14,15,11,L1,-910808
ac0b6c094c,43919,female,Age ≤ 20,11,9,16,13,M2,1493345
f7617e434e,17413,female,Age ≤ 20,20,8,17,15,L3,584971
2f21bf16c6,10725,female,Age ≤ 20,20,18,8,14,L3,-84762
cf4a71d716,48403,female,Age ≤ 20,18,19,14,17,L3,-386781
fab8d6c640,53293,female,Age ≤ 20,17,8,8,8,L1,-53404
9753577b46,37720,female,Age ≤ 20,18,20,12,18,L1,-67429
5e1a1f366e,25838,female,Age ≤ 20,8,19,12,17,M2,79257
8845278899,29190,female,Age ≤ 20,18,14,19,11,M1,2419310
e95007ac1f,1739,female,Age ≤ 20,12,19,9,20,M1,447038
086c79f47c,81123,female,Age ≤ 20,14,9,12,20,M2,-125200
b4a9f2368b,25318,female,Age ≤ 20,20,11,16,15,L3,-346096
7439e3fd83,44453,female,Age ≤ 20,13,16,12,14,L1,343711
