Pseudo ID,ZIPCODE,gender,Age,S1,S2,S3,S4
8648688b4e,91952,male,28,9,20,18,15
f74afb2b09,97511,male,19,10,16,13,19
65ad02fd1a,65406,male,24,11,13,11,19
6c33fff1c4,19343,male,26,19,11,17,9
72bce27b1f,81436,male,20,17,13,10,12
de03114074,95871,male,22,17,9,20,7
df1b8307c4,90765,male,24,11,14,10,20
0d56c0f03d,80976,female,24,10,12,9,14
79f2635f93,17391,male,23,13,12,10,17
6db486a4fd,71556,male,24,13,15,14,7
bcc6ac004e,90642,female,25,8,10,11,11
8fdf7cc662,19857,female,21,16,7,20,7
c3832e357c,69983,female,26,17,20,15,19
6d0164db83,97250,male,28,12,14,17,13
ba8ee6a551,11846,male,26,7,9,11,13
a3cb882a04,67891,male,25,10,15,7,8
9867cceecf,90090,male,19,7,17,12,13
af48142411,14452,female,28,16,17,8,13
71a59ff292,94504,male,24,14,12,17,8
ce2d9cc003,19362,male,21,8,18,15,11
021f39c2f4,42781,male,23,18,15,7,12
097e7a79ac,88000,male,21,12,17,19,12
57133377d3,24836,male,24,20,15,10,14
241091f879,47696,female,21,14,18,20,12
6f5ee401f6,66607,male,27,15,19,7,17
700b68b209,4739,female,19,19,14,7,19
2ffcd12ae2,53262,female,27,9,18,9,7
830f4d632a,99630,female,23,12,10,12,18
56c898caec,64628,male,19,11,10,18,9
7736eb134d,11027,female,22,8,17,16,16
8e59669aad,2037,female,19,16,11,13,11
2f68b89ca2,57286,female,24,15,8,11,10
9f05fe42bb,19046,female,26,9,7,10,10
810ad0d0cf,12320,female,23,7,19,18,19
064a420448,40631,female,20,19,9,7,10
94e58af311,87019,female,24,7,18,15,15
d65145bf64,88022,male,22,15,7,13,11
71f4182083,4767,female,24,9,16,19,19
8cfea35707,39446,male,24,20,19,8,12
3c7f8ea19a,66962,male,24,8,9,8,11
40aaa0b869,10485,male,22,16,19,14,13
09f18e195e,80473,female,21,17,9,9,15
10b9552740,60300,male,20,10,10,13,10
b093ff4ec7,30135,male,24,20,19,19,16
f33bb77136,85426,female,27,16,7,14,13
c3e005f793,1043,male,28,13,7,7,15
ace88ae840,98106,male,20,14,9,9,12
5a37983540,75034,female,24,18,9,20,19
3afd20a285,90410,male,25,11,13,13,11
ac656ebc25,65582,male,21,10,13,15,13
daf872193a,76557,female,22,13,8,20,8
7865fcf2cf,13560,female,23,9,19,18,18
373101262c,3157,female,19,12,18,11,14
c15beb1048,1173,male,27,17,9,16,16
715e9bb340,17805,female,21,10,16,17,8
342fd50fda,76527,female,21,15,20,15,17
e7b91ede38,7666,female,19,16,8,17,15
17d74d0bd9,12547,female,28,8,19,16,17
ddcd9c65c1,55650,male,26,18,14,20,12
20b0214bc6,77116,male,27,9,8,7,20
00df5875c3,2241,male,27,11,17,12,10
13435b2c03,93978,female,22,12,9,11,11
d631edd398,97390,female,19,16,10,11,10
716de11f27,99761,male,23,10,15,15,7
24d7af4b3a,94950,female,27,20,10,8,16
730f2a988c,47237,female,28,11,8,9,12
1d78f8e078,52889,male,25,13,12,7,18
b7fe49cd70,15635,male,23,16,9,10,17
8d3dce277d,6862,male,20,7,12,13,15
697c44a65c,18173,female,24,17,7,18,10
b4361da1a3,3163,male,19,20,9,16,18
df0a5e2c5c,43956,male,21,16,7,7,7
7ff7724e88,62998,female,24,14,15,10,9
b2aec45007,94617,male,19,17,20,10,15
69caaef365,6045,male,21,13,18,13,18
a8e38a4d20,21488,female,22,11,14,11,14
15a7a15f1f,64864,female,21,13,17,18,7
f5fc95231f,91040,male,25,16,19,8,17
f09c020973,32100,male,25,11,14,9,7
245eb645f1,78825,female,23,7,17,8,14
793fb7a871,82203,female,25,20,13,18,17
4f5c327ffe,78637,male,23,8,7,7,18
e70e101d3c,58912,male,20,19,8,14,8
462b227bfc,27902,male,27,10,11,7,16
a90b84f449,62475,male,25,10,13,11,18
27b6f10ac9,9387,female,19,8,16,18,20
aba9e98421,46946,male,19,9,12,19,11
1bfbab7470,55415,female,26,13,18,15,15
6a13e00a33,17656,female,26,14,11,20,14
e54c8150a7,970,female,21,15,9,7,17
534652cf17,17687,male,25,9,8,14,13
1ac79ec4e9,53395,male,25,10,9,10,7
33e1f0b143,89089,female,21,16,8,11,8
5e91584a3c,55154,male,27,16,19,16,7
2dc986bdab,60586,female,27,11,15,14,15
a9de1b8a51,68703,female,28,10,11,7,15
0c1cfcf86a,57890,female,27,19,20,8,18
faac273d57,93189,female,19,7,14,13,18
0ae8334a75,42136,female,28,8,18,8,16
0b8fe5d570,34053,male,25,16,11,17,12
b7e667aaf0,84464,male,23,11,14,14,17
f681a028da,59175,male,21,16,17,16,16
6b898f2e1a,49269,female,21,16,18,13,12
053a96df69,31415,female,20,11,15,17,14
fadf178a1a,31521,female,27,20,15,8,11
73f4d951b8,95384,female,25,13,7,19,7
81e7ceb556,36850,male,20,18,16,14,18
05b4475e2c,82943,male,21,10,14,18,18
b21dee5fe6,9584,male,24,9,17,16,18
859d5e3fb1,9695,male,21,15,11,17,17
3decbe2b2b,31917,female,23,13,16,13,16
1d508bd748,43716,male,28,12,19,11,20
658100727d,60317,male,19,15,18,13,13
c9eb158ec5,37020,female,21,12,9,13,12
b96bf5154c,78179,male,27,15,17,11,11
0a0c6798d2,53735,female,22,13,10,17,20
a0a2c075f8,46113,male,19,8,14,17,14
5d1b217f9c,59656,female,23,10,19,20,9
0918e35a9a,31828,female,20,9,8,9,15
08c3ebda34,46735,male,19,16,19,16,15
5d022f96f7,40123,male,25,20,12,15,13
63bf9554c5,46951,female,23,7,7,18,13
9a9b5f9c7f,18993,male,23,20,10,10,14
a27a55f7f1,66715,female,25,20,16,13,9
a04a0252d6,48384,male,21,15,13,18,10
1dec100cbd,18445,female,23,13,10,17,16
7890c7a7be,41653,male,27,16,12,9,8
7548e78c44,54458,male,27,9,16,16,14
b8215e221b,8171,female,23,16,12,11,18
44cab401e5,48949,female,23,10,13,20,9
f94a9c8d7f,29948,male,22,9,9,12,10
be1737ea59,54655,male,19,15,17,12,12
611126b472,74467,male,24,17,18,17,10
dce4e2ce41,86213,female,25,9,17,14,14
db102c7ced,77883,female,23,7,20,10,7
bfdee1389b,96097,male,19,10,19,12,7
fe77c91c49,50335,female,27,7,13,9,18
e3cee9fa71,46416,male,28,9,17,8,19
d1e575ca33,17509,female,26,12,20,9,9
6a2cdaf966,21651,female,20,18,19,13,11
a4e05c3cff,17673,male,20,7,15,9,7
cb2ce905fe,10782,male,26,13,14,14,14
d298d5f173,91486,male,23,16,15,8,13
0a953c0ed8,38953,male,21,11,16,7,7
3821282932,42942,male,22,9,20,12,15
a9c8df8c20,70790,male,25,19,17,12,18
0bf3a0068c,25351,male,23,11,19,17,13
95791bfce7,26249,female,25,18,17,11,19
659399933b,40782,female,27,19,18,12,10
6c2aabc665,22938,female,21,20,13,17,11
9be0b9c4f2,59951,female,19,14,18,10,9
c2bac0d16a,49314,male,23,8,12,16,10
a33d5c6421,91424,female,19,13,15,19,8
7f6bf147ed,21605,female,20,20,15,15,14
287a0fc9c5,75635,female,19,18,8,8,12
966d567088,48849,female,21,9,11,8,8
533d965f32,13220,female,24,8,17,16,10
da2f6b55f3,66474,female,26,9,8,14,15
78bc8f896b,35396,female,24,7,16,17,14
ef0c31b814,43657,female,27,19,9,11,17
47574b4907,33250,female,26,12,18,10,9
d3b82e0ac0,76508,male,23,16,12,7,15
ad85545b55,16647,female,28,12,9,16,8
0bc91d7906,77793,female,21,12,20,12,16
910a2efaa7,59953,male,25,18,14,16,13
a5ea0a2204,22661,male,24,13,20,10,10
4ab009702f,16075,female,24,16,18,20,14
cbbbf201f4,64955,male,19,20,13,15,12
1337a84746,24431,female,25,10,10,19,7
82ad0895f4,6375,male,28,13,16,19,7
1b11caf78c,54260,female,26,16,15,14,18
9f084c56e0,3335,male,19,7,7,13,16
12a5e6c26c,90573,female,21,16,19,13,17
af8cc4a958,42960,male,24,11,15,8,10
d8951bb6e9,71952,female,24,12,9,8,7
a07ef39763,80064,female,21,10,19,7,17
902928df53,11916,male,27,17,13,20,20
c1f9b08b93,41083,female,19,15,19,20,9
dd74421318,3608,male,26,14,18,16,10
8043a296b0,26739,male,27,14,19,17,9
e56c2e6f3d,95821,male,25,13,11,8,7
cf481b4f4a,98060,female,24,14,19,12,12
729c4c22d6,78028,female,24,14,20,7,13
f469e24097,19348,male,28,18,10,14,16
fbe065f446,62383,male,22,14,20,17,11
acd6f2c13b,31435,male,27,13,11,14,12
0883ef2efb,10118,male,25,10,16,14,11
32791ba422,10174,female,19,19,17,19,10
0e399a02ca,84406,female,26,18,14,8,20
bb67629f12,84225,female,19,8,18,17,15
889e0f2e38,11950,male,25,9,12,10,15
e935caa0ce,83281,female,28,13,9,12,20
b7149c5e7d,97596,male,19,11,9,9,12
9e48292e2d,61226,male,19,12,17,16,16
1498616ccd,68044,female,23,7,10,12,12
9ce759b6ea,85757,male,28,15,17,18,15
77440cf2bf,39008,female,19,8,16,19,7
d8b15c36f1,35891,female,19,11,9,12,7
5b802dfdf8,95355,female,21,12,11,20,7
7e5e214deb,1580,female,20,7,19,13,19
fa8903e78b,32771,male,25,18,10,13,20
9b12f98306,21599,female,24,12,7,17,17
0d8f461b63,18288,female,23,17,19,9,17
15f376801b,88585,female,23,10,17,15,12
8c7e008340,57115,female,28,16,13,9,14
4246c5a69b,21704,female,21,7,16,14,8
f4cb727124,43525,male,23,20,19,12,12
b4222cf9d0,29862,male,19,16,12,16,17
563c290ad4,78669,male,21,18,12,18,20
5d3f1eba86,9421,male,26,16,12,12,19
fd69b0ad72,84226,female,27,9,16,20,16
604db056d3,2944,female,25,19,18,12,20
8a2f9c6de6,20303,female,26,15,10,19,14
13a6c5a687,50511,female,22,14,8,14,7
26865e35c5,14930,female,22,14,17,20,14
4be822a046,32019,male,19,16,12,14,18
676dc66567,53432,male,26,15,12,20,9
dbb9ab49f7,69510,female,26,7,8,18,16
86ac1876d6,28305,female,19,13,17,9,14
e27420a2f3,25218,male,19,13,7,10,9
d19f00d601,13021,female,26,9,7,15,9
1d32301bf3,60427,male,22,9,19,7,10
76620b595c,22974,male,26,12,16,8,14
effa313dc5,68449,male,27,9,17,16,10
033405d851,52335,male,27,8,11,7,17
3a7d89072a,10695,female,19,20,7,8,13
29c0bd33fb,35439,male,27,16,12,15,12
2a76b49384,1862,male,19,10,19,14,8
2cc01f5903,63984,male,25,19,10,9,10
405937fa40,95114,male,26,9,9,16,16
a0f1a320d8,78796,female,25,17,19,9,20
1c133eda15,79338,male,24,19,14,13,20
f4ce1831d5,16644,male,27,19,12,12,17
ef80128fc2,95406,male,19,17,11,19,20
4194bc485b,18830,male,25,10,11,11,9
ec10c3f268,15212,male,25,18,7,14,12
35953f1f9f,90365,male,23,11,10,12,12
f10326c01e,48988,male,28,20,13,14,14
e86633c3e5,81264,female,25,11,14,13,7
eb19d2f142,98243,female,26,13,11,12,20
37be90ad7a,40629,male,25,9,18,13,9
59142009ce,13435,female,28,9,12,13,8
491e66c73c,92845,female,22,15,11,10,13
9e7f0af64f,65125,female,20,10,13,7,13
177ca71908,86952,male,20,12,9,10,8
c5c1f2a7cf,86387,female,24,9,11,8,11
1a28f0a27f,29494,male,27,11,17,7,15
e90a9b6385,41662,male,21,17,14,13,15
065579011e,17105,female,25,13,11,12,11
98e5e5ca1f,92046,female,19,12,9,16,9
6162ea04e5,35688,female,21,16,15,19,16
38e4b02e93,86245,female,20,14,13,12,17
67d097891a,46322,male,21,15,19,14,11
2c406cdcf8,23704,female,22,14,12,12,16
778bfec125,42954,female,28,7,8,18,13
bf8c60be12,40662,male,22,19,12,13,19
f7c14ab0a4,55174,male,21,17,18,10,12
896a887fa6,9988,male,23,14,13,15,13
a4c3320d90,49160,male,27,10,7,10,14
a5393e09bb,95150,female,20,7,12,19,20
afb7f9a698,81215,male,28,19,10,7,11
25789b3dfa,25538,male,21,12,16,18,8
4610fb2896,89336,male,22,14,16,20,11
e7ad8a56d6,18637,female,19,12,16,19,10
30d8177f39,63774,male,25,15,18,9,10
f67fa756c7,75568,male,22,7,7,17,17
3da096a89f,54652,female,21,11,13,7,15
835e3ca848,51886,female,19,12,13,18,8
ac843849b3,43316,male,25,7,17,19,15
afb5cdbd3e,30364,female,25,19,20,11,13
ed4787d80c,88162,female,27,16,9,18,12
92ff69b5c6,57581,male,20,8,13,12,11
a8aaff8105,48644,female,23,18,16,19,10
e0429c45f8,5484,female,27,13,15,18,10
244ad39fe2,10509,male,26,7,19,20,11
4359a72fff,74225,male,25,10,19,15,19
c7a8803aae,38381,female,26,10,7,19,9
a3de28103c,3120,male,21,19,12,20,10
a78a247423,69915,female,28,19,7,15,11
79027e53b9,83847,female,23,11,7,15,9
a3b81b1e03,93624,male,21,7,8,17,18
fc4929d017,20554,female,26,17,8,19,17
90dd7de361,90981,female,19,14,17,8,11
7df559af2a,42678,male,27,14,12,11,12
5d824143d7,34141,female,25,18,11,20,8
304e89bc4c,58291,male,28,13,14,16,7
6859ba3440,64235,male,27,20,18,7,8
f12b289786,75477,female,28,10,9,10,19
37b28c49b4,37052,male,27,17,12,12,11
305e573a5e,74064,female,19,8,9,10,7
28732ef98d,35099,male,21,20,7,7,12
07f7a88fbf,97318,female,24,9,8,12,7
4c494c999d,76009,female,21,11,7,10,11
5f04ff1307,84961,female,25,10,20,9,20
c189fc9c71,43999,male,21,10,17,17,20
ce115b8e9a,97260,female,22,13,13,11,12
125f057b64,97113,female,25,9,15,9,9
54fa590acc,42850,male,25,13,18,12,14
fd38bb1dd3,32164,female,19,17,11,14,12
8d28b7edb2,47291,male,25,7,9,7,11
10398555a3,11050,female,22,11,14,7,19
c547fe2a6c,12722,male,25,18,12,16,20
21e015fae4,33861,male,22,14,20,19,19
3f7f24bc1c,81480,male,26,10,19,9,16
0856b0329c,5957,female,26,8,8,20,8
3f1e3cd99d,25515,male,22,10,20,10,9
e146e80096,41484,female,23,7,11,20,20
b5bc010007,43580,female,26,7,17,7,14
5c9cfbf2f3,17235,female,26,17,15,13,10
8c47fb90f9,4288,male,27,8,8,16,20
d25fb949fd,51476,female,19,18,19,7,8
9bd76bf24a,21744,female,26,20,19,18,12
160a6532ac,89109,female,21,15,10,17,20
a5699a5981,65010,female,21,12,9,20,15
b4b18ec6ce,76679,female,27,20,14,8,15
9c824e6ecb,97835,female,27,17,12,10,7
3b7c4b247d,25610,male,27,13,9,9,18
9ef24bb772,90674,female,26,18,18,14,13
62c8e08a12,82516,male,23,15,12,14,10
6570b483a9,70147,male,26,9,12,19,14
c140a2fb53,46951,female,23,19,17,7,12
bdd57fd098,87534,male,23,13,9,12,20
d6f23bb14b,61374,female,21,9,11,14,10
748b62eb15,35142,male,25,7,10,9,20
a29e59d1e3,18745,female,21,9,16,10,14
5d45e5db12,30537,male,25,12,7,14,8
c06c4a3292,36310,male,23,10,9,9,18
f7a7904ed2,12438,male,22,15,10,19,12
7c8c93d8f7,24069,male,24,15,20,13,13
7ecb22520b,19600,male,25,15,18,8,10
8edac10fc5,84215,male,21,19,19,7,13
ebeb14da38,41460,male,19,14,8,19,10
661f0e5219,95301,female,27,7,9,7,15
e612af8ca8,68940,female,28,8,8,7,17
ad0a01b6cd,98408,female,19,10,16,10,20
4ef58ed7ab,51363,male,19,19,20,15,15
0ce10043d4,91931,male,19,20,18,10,17
d9bb2023d1,54898,female,21,12,18,10,19
10cbddc748,33699,male,19,16,19,8,18
3e57ebd9d8,46437,female,28,18,12,14,13
5052c53f1e,39596,female,20,15,8,7,19
d8dcb8a82b,97663,male,21,16,16,8,10
edfc03a15a,87356,male,24,16,17,7,20
c1c4b19356,59258,female,28,12,8,18,16
56399a85f9,46191,male,27,12,14,15,16
4572ea7e68,68412,female,21,17,17,16,19
d1c759a56c,92875,male,28,17,18,16,19
4f14dbce92,61504,male,27,11,8,17,13
f8c935a30b,41130,female,27,8,19,18,12
d311f8e1da,38513,male,22,12,18,7,12
66e9d829af,37482,female,24,9,11,9,14
d932efb640,1526,female,25,17,11,14,18
3d7b0d446f,34254,female,22,20,11,8,11
d5280148bc,23465,male,20,18,12,11,20
b1352b1332,80585,female,27,14,12,11,9
898d507c2b,81423,female,22,19,18,20,20
51ad994a47,69352,female,19,7,18,16,19
b430b0f360,63496,female,21,19,18,13,9
752e8a674f,9597,male,22,20,17,10,18
d904266fe4,20299,male,20,16,19,13,18
e6c14798c8,3746,male,19,12,15,10,16
5d20d32005,97528,male,26,9,11,15,14
e55f3fd230,93320,female,26,12,8,19,18
f62634a30d,96059,female,25,9,17,15,15
88339e1fe7,15582,male,20,15,19,17,19
d427e037ee,77159,female,26,17,14,19,13
c532782087,12452,male,23,13,17,17,11
3d1fd85f9c,66680,female,27,11,19,10,15
5b11832946,17413,male,27,7,7,17,16
a7396b6462,50091,female,27,17,8,17,19
7eecbc14b9,12326,female,20,18,8,9,12
58503047f3,84815,female,23,9,18,10,7
83cafd6d0d,13453,male,28,18,11,12,11
d62676e316,62701,male,22,12,8,10,10
482d2853e7,23409,male,24,15,7,14,11
38319845de,4608,male,28,11,20,16,15
319e32e578,76001,female,23,20,11,16,14
4519dc2c58,24436,male,20,20,15,20,15
37e0edb5a3,59286,male,26,15,9,16,7
839cbd8f60,10387,female,27,7,12,7,9
66f50fd576,36198,male,28,18,8,20,17
435f797726,92348,female,22,19,20,12,13
968b7b5287,99610,male,26,13,17,12,16
71b4217a87,58484,female,21,11,19,13,14
85368fc992,62428,female,26,14,14,17,8
5d1a6aad44,40016,male,24,11,19,7,19
2256219fda,85293,female,24,14,10,10,9
c6d2ab4428,8725,female,22,19,15,12,14
058fd364af,96033,female,22,16,9,9,20
93d7558c34,16697,female,28,14,11,16,12
c89197339c,45013,male,19,18,13,16,19
321b339b32,92138,female,19,17,15,13,14
5ccde5d2ee,25892,male,21,17,15,15,11
73604db369,14161,male,21,9,18,8,8
7f5fa08f10,2854,male,28,19,8,15,8
ff517729e2,51764,male,20,19,18,14,16
3e5be315a9,6718,female,21,19,18,11,13
98dfb2798b,70740,female,23,7,20,11,18
015d775875,39264,male,28,16,16,9,15
09754372c1,21590,male,27,16,15,7,15
8108e6e7d9,36709,male,21,20,11,9,19
aaef54d18e,20738,female,24,17,17,9,14
ab82d83e01,57906,male,24,13,11,16,11
f4e809f901,4845,female,26,10,14,17,9
1802f3d51f,52908,female,24,12,11,16,17
f1de3ed5ff,54581,female,20,16,17,7,20
c5b24295e7,77197,female,25,15,20,10,10
5a9e19aaa0,48561,male,24,9,18,15,9
2fcb76b897,2554,female,28,15,7,14,13
b8311372c7,24609,male,23,17,20,18,11
1ebfd3376c,82681,male,20,20,9,19,10
50b8ff3567,90189,male,19,20,17,9,10
e9ea563124,25917,female,19,9,14,13,11
e2fe0f8793,35131,female,20,18,14,9,10
7fe17de728,1577,male,19,18,12,8,13
57a91e5f1d,43004,female,23,10,9,8,12
43d56b194e,20838,female,28,18,14,12,7
52958549c2,94766,male,25,8,12,10,13
bcf9a21ae6,54455,male,25,10,13,20,8
f74612fbfe,58987,male,21,9,12,12,18
751cf886c2,24163,female,27,11,16,16,16
e307b50de6,60966,female,26,14,18,12,9
748b07eb0e,73487,female,28,13,13,7,14
3250b37fa8,49149,male,24,10,11,19,8
376e82cb41,62867,female,23,14,9,15,13
765baa1cb5,88587,female,24,8,11,9,15
f8c844405e,48305,male,28,15,7,18,13
47deede7dc,48602,female,28,13,15,19,17
dd2e030598,22337,male,23,15,20,8,14
cd341de512,31336,male,27,20,10,10,14
66efb4c3b5,89562,female,25,10,9,8,8
901c1ff68c,11415,female,24,7,8,20,9
3ef237f8ac,62480,male,28,15,16,15,15
d2d4fbb903,40828,male,25,16,14,11,15
44313ba6f7,29409,female,27,12,19,8,9
0a88a14c7c,7257,female,21,10,12,11,7
887a5eed26,6931,female,19,10,9,15,14
f12b441a0e,38518,male,20,19,20,8,9
6c2e9a87c2,39266,male,21,12,17,17,11
912cf8c453,93336,male,22,12,18,15,18
a4d06581b8,87962,female,28,20,10,16,11
aea7391ed1,11250,female,26,18,8,12,12
998b72ba1d,81580,male,22,12,16,10,18
4c2e0a3caf,79411,female,22,16,17,18,12
109c18e132,77986,male,26,11,7,12,20
a9d3e6ce18,53396,female,21,11,14,10,17
3edd24adac,12421,male,19,10,12,16,15
1ab133dbcb,28278,female,20,12,20,7,7
68029d3bf7,79185,male,27,12,16,10,12
3a14ee9b1a,36444,female,20,11,18,13,18
29075c320b,1556,female,21,20,10,10,10
6edccd4fdd,26840,male,22,10,15,19,20
852822da83,40548,male,24,11,8,7,19
b3d8d4c48c,82438,male,20,20,10,10,16
854a8a6065,64254,male,23,18,12,11,16
5a560e145a,53725,male,28,19,19,16,15
c622c41bd6,87914,female,27,17,10,20,9
a25171350c,68965,female,24,14,17,13,16
e269e94503,80732,male,27,17,19,12,16
8e5481f738,85708,female,22,14,12,10,14
3d2aee08ff,1787,female,27,20,11,19,18
ac3dc17c06,95877,female,27,16,13,12,19
2fa6d7ffbf,9084,female,20,11,19,10,10
5c2d9e2448,58745,female,27,9,8,14,19
ecfa08b1bd,82830,female,20,14,9,19,12
79f9a92385,17924,male,25,16,11,18,16
63f5198438,73712,male,25,20,15,13,9
7dab71d914,26499,female,24,7,7,9,7
6ef8e2fe39,84308,female,27,20,11,12,7
8d2552b267,24758,male,22,11,20,14,15
c317c9e4c4,72604,male,27,19,19,13,11
107dce01b6,19594,male,24,8,14,10,10
72be8fa76f,93220,female,19,11,16,18,12
a17dbe28e0,64157,male,28,8,20,11,8
ed4c230aac,41157,female,27,16,12,9,7
ee1ae5be83,37665,male,19,20,12,10,14
e8c59615b3,13751,male,25,11,11,15,17
1c15e20317,2734,male,25,17,19,19,15
b713a02f42,53356,female,22,18,10,13,20
4407d4ece5,80028,female,28,9,10,19,16
60c643c0f3,84047,male,25,15,11,13,12
49aacdf061,25898,male,24,12,10,9,19
e8163e9f5a,40319,female,19,12,9,12,14
5bc00b13ef,33022,male,28,20,14,10,16
817adc7b11,8463,male,22,15,10,14,14
48c79a3456,39012,female,23,20,9,20,18
41adcc8070,17547,female,23,7,9,7,11
86078bf46a,2971,male,20,8,12,14,19
0e0962323e,69493,male,23,11,15,10,15
4faba5ae53,2778,female,22,16,18,16,20
231d672b01,81315,male,23,19,9,19,19
356e88dbd0,49942,female,28,7,12,19,9
5a134526c7,26739,female,28,18,15,13,17
b7ba75cbfc,33260,male,21,12,9,8,7
d1093a75bb,14437,male,25,7,16,19,18
749e8eb72f,80523,male,27,13,10,16,11
8379533699,95522,male,27,16,8,16,13
3fd1d00b71,48378,female,21,11,18,9,16
ee6dc90ff6,17683,male,24,9,8,12,16
8f75ab7cd8,19380,male,20,8,17,19,16
8ce4ffa264,3372,male,23,12,18,8,16
9aad5a1898,66798,male,28,18,13,7,8
fdf18c48cf,26721,female,25,7,20,16,11
b8beb96207,97067,male,28,20,20,16,18
b620c646d4,12679,female,21,15,15,17,19
27ea8f9ef0,54839,female,23,13,16,17,12
f0efbb85f4,86416,male,27,18,15,20,10
a5d33c85b0,28950,female,22,16,18,19,16
64d731b1b3,86147,female,21,17,15,15,18
25c11e5b32,66319,male,26,11,14,19,8
6090709f58,39250,male,23,9,17,18,7
4fb80fbfee,64331,male,23,13,14,17,9
5384225c16,51541,male,22,16,12,18,17
b6886fc3f2,53112,male,20,10,13,10,16
174c04f1a9,63229,female,24,20,19,9,12
f034d7e2de,6153,male,21,12,20,12,19
d30abfc918,10324,male,20,7,20,9,19
242cf6b028,1618,male,22,20,12,20,9
9256705a88,8498,female,26,7,12,19,7
a35f486911,99576,female,19,8,16,14,18
71d4b76ad5,39141,male,24,7,7,9,9
b0d890b8ea,70204,male,24,10,12,12,16
1cf7dd7b5a,15176,male,25,19,15,19,19
b5e8a9e7e2,49706,female,20,11,18,14,13
9dc4678d4d,57970,female,19,15,20,9,9
5f04e03605,45194,male,22,10,19,11,8
50128b8194,43108,male,27,20,16,7,17
606528134b,80483,female,26,7,16,11,17
e231e5b1e0,48756,female,26,11,9,7,13
61f50bd507,16411,male,27,10,8,12,14
bcd5ebb76c,56811,male,23,19,10,20,18
3b5e0a907f,56081,male,27,11,9,10,9
60e8a38e35,42434,male,22,17,9,9,18
b2001cc2bb,69193,male,28,14,20,18,10
0bc290f9a1,93178,male,23,16,12,16,18
6898d073cf,14348,male,23,14,15,20,16
17718bd9cb,82366,female,21,15,18,11,10
96d98759d8,62901,female,28,7,17,9,8
d0a5682db0,8192,male,24,16,19,14,8
c4117c8458,59201,male,19,7,12,14,17
7f3869a77c,22280,male,20,12,14,18,9
4bca69404d,29512,male,19,15,11,9,13
7d688d5beb,79566,female,24,8,7,9,18
471d0af4bf,98179,female,28,13,9,15,12
03cf19458c,87624,male,20,20,18,9,9
d7b41f2cb2,70460,male,26,19,12,20,18
33bb7fb805,80748,male,24,9,10,20,16
984bf97542,43375,male,24,14,12,9,9
32eb42d0bf,39107,female,27,14,8,10,8
e065a1f748,19516,male,25,18,19,7,17
921f7b8ea5,8157,male,27,7,7,20,17
2e823256cc,29671,male,27,10,10,14,8
804b02db70,50104,female,20,20,20,8,10
131b10869d,47582,female,27,9,20,15,18
7d7230a375,10050,male,27,16,7,8,9
415e93fd09,20398,male,24,18,11,11,9
70a1ba2646,65518,female,20,16,7,9,20
3ef7ea00fc,65976,male,22,9,17,20,19
e0c982f3c0,32181,female,23,19,17,8,14
a3487a0345,14786,female,26,19,11,13,8
97047c25d5,87173,female,19,11,19,7,11
1b2cd0a77c,84748,female,22,16,15,12,18
dac8e6b60e,72551,male,28,13,11,11,18
e4698a43ab,54217,female,22,15,14,20,16
2a55db0358,10415,female,28,19,13,7,20
ac4bd109d3,21798,male,20,16,18,13,14
4caec20452,29575,female,19,9,18,16,19
8399bbc70a,14806,male,21,12,16,14,16
8888de24ce,98191,male,27,20,17,12,18
239bb6dd78,7686,male,20,18,14,8,9
8eddfdcc1a,14746,male,27,13,11,11,18
1fe5524bbc,15364,male,19,8,19,19,13
10e3107f95,14611,female,20,16,11,17,9
4953f6cffa,58045,male,19,14,13,14,20
5524eb3b9b,86353,female,19,9,14,7,12
28522b62c9,56610,male,24,14,13,9,11
54e5d6df0e,12275,female,27,15,11,9,18
555e24498f,45641,male,27,16,17,10,16
4049c44733,53555,male,24,16,15,12,15
afc9377880,77030,female,27,7,19,18,12
7d9b6fe7f9,33288,male,26,8,8,16,10
7245d7e9ae,67759,female,22,9,16,15,12
99e95b4357,98063,female,22,7,13,19,12
1ac4bfe08c,21217,male,21,20,15,9,7
25cceac917,80769,male,26,13,20,10,13
585d9bcddb,83944,male,27,15,13,13,13
360e97516d,67635,female,23,13,20,13,17
877a345d26,42950,female,27,12,12,11,9
c81a6bc7fc,18042,male,21,7,13,10,9
af58e46f1a,51476,female,28,11,7,14,9
34e13c817d,38264,male,19,17,14,12,13
c898a71b27,72451,male,19,12,8,15,10
bfc8b43111,84966,male,19,19,16,14,16
df5778f533,70931,female,19,20,17,11,14
b135fb046a,51717,female,25,16,16,15,14
8d93644a16,33517,male,27,20,18,18,12
ed252f269c,18596,female,19,13,16,16,20
163bc3a6ff,66091,male,24,11,17,16,9
47ef119ac0,37150,female,21,20,18,19,13
2d72530439,2184,female,25,14,14,19,20
ce10d0328b,42584,female,20,7,7,18,16
e2812431b9,38980,female,21,16,19,20,8
fae25bbb1d,11298,male,19,12,12,13,9
20e4df985e,9939,male,21,10,13,7,19
e7acfda536,3619,male,26,16,11,12,14
fdf5b592af,40231,male,28,14,15,12,15
b40ad4281e,7635,male,21,20,17,8,16
9b712b1ceb,23236,female,21,20,11,19,16
3e0c6e1394,5764,male,23,7,10,19,13
964b5fcf72,22311,male,27,20,10,10,17
de832ff310,83980,female,26,18,11,12,7
b7984cb2ea,53219,female,22,19,17,18,19
6dc7704e11,41073,female,20,9,7,18,12
d258081a02,63368,female,21,18,16,7,19
08324cfdb7,22518,female,26,20,19,7,12
67c77e7105,28901,female,24,8,16,14,18
0479947d66,79769,female,27,14,20,12,20
1a27b7a802,83031,female,20,19,7,16,20
4016815162,7938,female,24,13,10,10,19
7e53979e84,5731,male,21,19,12,8,7
03e4245c0f,45693,female,24,17,12,17,7
40c14eefaa,75774,female,28,20,17,12,7
4f539d88aa,68318,male,22,12,12,14,14
fa6be5a4c6,30702,male,25,8,15,13,11
f35d8e1fe1,43019,male,28,10,18,20,10
f43ab7dc44,29213,female,20,10,11,10,19
45dd9a6f85,80593,male,24,7,11,14,11
2b30a1ed6b,26219,male,25,8,8,14,14
0235c7c070,86558,male,23,10,14,13,17
6438a03c75,32798,male,20,17,20,8,10
8ab372b5e3,48095,female,26,8,13,8,19
6904d135a9,37389,female,28,13,17,11,11
d4f1bbdd77,46672,male,20,8,11,16,7
87010831b2,70050,female,26,8,8,14,19
8f80f7ab5f,83427,male,27,14,13,14,20
a21207e35c,87981,male,22,16,9,10,20
c0de407e39,19722,male,24,9,12,20,7
dc982368b0,69032,female,24,20,18,8,12
0c8de1c27f,43763,female,22,13,11,18,15
580af82ed3,63653,female,20,13,19,7,9
64eca0b741,77218,female,23,18,20,12,11
9de3fd9756,79243,female,23,12,7,10,9
e2e9f08957,89685,male,22,11,11,16,18
439752dc47,36597,female,21,16,8,16,13
fad0eedd98,88948,female,21,9,8,10,20
8f45513310,31737,female,27,7,14,20,16
a1d1556ef3,29233,female,24,19,11,15,18
a494556348,14373,male,28,16,13,7,12
ee9109cc69,99802,female,26,12,12,16,16
8b148c52a1,78827,female,26,10,13,19,10
9d90fa0f42,28414,female,23,20,17,8,8
4ebc61ea9e,75741,male,28,20,10,9,19
d30fc81c3b,25124,female,24,11,18,16,11
78f2925fc4,16332,male,23,10,8,14,7
1f74f6c609,74971,female,22,16,11,14,17
877a865096,70698,male,26,7,7,20,8
35f88a26b5,62449,male,25,11,15,18,9
a95a478208,14931,male,20,11,16,15,16
2949c0173d,30676,female,28,18,15,18,14
faea92a94c,31553,female,21,9,8,13,9
cc71998b52,70975,female,27,12,15,11,12
2d6880b414,38667,female,26,16,18,16,11
13913abdf6,36109,female,28,12,16,14,12
88a1a3c14d,58909,male,21,19,8,15,14
5fbfb90c64,75495,male,22,9,16,8,19
3850a2a6b5,99886,female,25,16,11,9,19
2d301c4d21,57273,male,25,14,20,20,16
5917434404,18097,female,25,18,8,19,8
5d9977e286,35164,female,22,17,10,9,14
058f0e3b30,72519,female,28,13,20,12,15
097b96aafc,33198,female,27,9,13,20,7
19b0baa765,15467,female,28,7,7,7,19
4eaf26d8ad,27477,male,28,9,10,20,9
c5ab30ef52,3855,male,19,18,11,18,15
8b67f840cd,30526,female,24,13,18,14,10
e0775d8701,21668,female,26,17,12,10,7
55d0a1f7ec,99940,male,20,8,17,16,9
86a0bc19dc,48682,male,27,17,11,15,19
3293444219,35783,female,20,13,17,9,7
3e257ee1fa,47111,male,24,18,13,16,16
0da8538355,26582,male,25,19,17,17,19
7af519f3b7,57984,male,21,9,9,11,8
eedaae859e,67956,male,19,19,7,18,18
22f32feb76,99516,male,21,11,20,9,9
e817ff3089,32127,male,21,20,11,16,11
3da4eff1ba,16404,male,26,12,9,11,20
e7e24bea80,26126,female,20,19,13,18,11
5fbfd56c5d,98944,female,28,9,14,13,20
9af7d525fd,54508,male,20,11,12,20,9
2136b17c13,43943,female,27,10,11,20,11
409920b48b,90611,female,19,12,19,17,15
c15f14d42c,39617,male,27,18,11,19,18
885c55f59e,67882,female,25,7,7,9,9
22809bd5ff,59094,male,25,18,20,12,11
736f29dfba,29565,female,22,20,15,9,13
0619d5604a,22364,male,28,19,14,17,8
0947b2bd8c,85894,male,25,19,15,15,15
dcac445a51,17152,female,25,8,12,10,12
465cd48d55,37833,female,21,8,10,15,18
451a41b5cd,10824,female,27,11,10,11,12
36f1bb768a,68370,male,23,15,16,9,19
20e391fb18,16470,male,21,17,10,9,9
cd9dfde182,34243,male,26,11,8,15,19
8602853825,48099,female,24,12,14,12,16
36142afb8c,39792,female,22,8,11,9,14
c45ea9b554,82790,male,24,19,13,9,19
11b76efd3c,19178,male,21,15,15,19,10
fd1be963ed,884,female,25,12,15,20,12
045ca3a2f0,30631,female,24,14,18,16,10
203f9d1e21,26466,female,22,14,16,20,18
2ee0aa6cec,69027,female,22,10,15,17,19
eb1a6dc861,35132,female,23,15,17,12,15
3581fbaed2,26137,male,19,12,19,11,12
5597e9426b,99083,male,22,20,11,8,12
9de0bf7284,44444,male,22,20,13,20,13
3a34539976,26872,female,26,17,10,10,16
e3765a925d,24527,male,26,16,10,13,18
4f2f286b30,1764,female,22,12,17,18,13
9ffcaf016a,8363,male,23,10,18,18,19
1b92f9ffc6,94602,female,22,14,18,13,17
b96403bf3e,28401,male,21,8,11,13,13
d20eeb139e,79617,female,22,11,14,14,16
ae807a8428,90234,male,24,19,17,10,16
685f52e10f,29154,female,20,19,7,20,13
0e8da1f495,76847,female,24,7,11,9,18
8110365b37,62895,male,22,7,8,8,20
16fdd9c1b7,92212,male,22,16,18,17,8
e8e5a3a0ee,41001,male,21,19,17,14,11
e1af8d13b8,12308,male,28,8,17,8,8
addecc8c53,92616,male,23,16,9,19,20
5e91c76655,52495,female,24,10,15,17,9
f0127b2759,90075,female,28,18,11,12,10
5d26ba14a0,18215,male,21,10,14,16,8
3e267552a3,34858,male,19,16,8,19,11
32886ca0f0,35843,female,20,7,12,8,8
d43bdc58bb,58397,male,24,12,18,10,10
27bebed47b,7301,female,19,17,17,10,19
1a12a80e4e,58359,female,22,14,18,7,17
40d16cbff5,64036,male,24,19,8,12,12
883272d1e2,9854,female,24,10,8,17,19
e6dccf36db,26475,female,27,18,20,19,9
b117f962d2,98784,male,21,10,17,15,14
bb3c114277,35659,male,26,11,13,11,9
e33a2af7b3,15783,female,23,7,11,11,17
70775d64c9,96787,male,20,16,7,9,8
10363c9ae2,11300,female,22,15,20,13,13
b992454454,77479,female,25,15,7,7,15
261cac3af7,59806,male,27,17,19,10,12
fc3eac363d,59553,female,19,15,7,8,16
52e0c62919,68847,male,28,8,7,7,7
d339763e00,55747,female,20,20,15,10,13
2b3fa10f99,34108,female,22,10,18,13,10
e52e2e5b6f,52246,female,22,18,8,17,13
e55b7d2d91,98796,female,25,9,14,8,14
29cfbc858e,45753,male,23,12,17,7,14
9fe131bca6,49792,female,24,8,14,18,8
4747815f68,21764,male,19,14,13,15,9
128784995f,89661,male,22,19,18,13,12
48d3347f29,91437,female,20,17,16,15,10
4a91428e26,24425,female,20,8,20,14,19
fc7a544f40,31810,male,25,18,15,14,16
24d9491173,82411,male,21,20,18,11,11
8064754a92,92755,male,27,11,16,18,10
eda9a30710,56599,male,19,11,16,10,12
4142f55cc6,7524,male,19,15,7,18,8
35c11b8a44,67039,female,23,9,20,18,17
0ccd55ece3,78532,female,19,17,13,17,17
13a13f9287,51274,male,26,13,16,17,19
e39a668cf1,87149,male,22,11,7,15,18
cc3be840c4,57283,male,23,12,11,10,19
cb674b8356,13601,female,19,11,18,10,13
22871099ea,8364,female,26,9,15,18,7
45bba9a2bf,2192,female,20,14,7,10,14
3bc643ef91,12813,male,27,19,7,14,18
83aed9fdd2,55961,male,21,17,19,16,12
a05ad3b465,13470,male,21,10,7,13,12
a2e8edcf17,15285,male,24,12,17,17,20
d1d390c835,88490,male,27,10,19,17,16
50d68db07d,60396,female,25,8,7,18,7
9b3e70a23d,67469,male,25,17,15,8,19
3e2b2eb874,57458,male,19,17,17,14,18
92cdcdb865,18985,female,26,18,8,16,9
cae59409b6,51729,female,21,11,13,16,12
4cef7238c3,36031,male,28,16,17,10,17
03fb79243b,62196,female,19,11,11,12,14
272a410ff0,25947,male,22,20,15,16,17
d509736435,66610,male,23,18,9,18,9
853949ad15,98426,male,25,15,18,8,13
8c7464a403,15977,male,20,12,8,12,11
25b770a7a3,32194,female,24,7,15,17,11
76feaf630e,85690,female,19,15,19,7,19
e848b06217,48897,male,21,12,19,18,20
4298d8f3fa,63996,male,24,7,10,20,9
ec2a25984c,86985,female,23,15,20,20,15
807e64f84e,54842,female,25,16,17,11,15
82062a65c1,27222,male,19,20,18,10,18
ad3b001fd0,73359,male,25,16,13,8,12
acc32d0808,37237,female,23,16,15,18,14
0e2e5b6698,59742,female,25,15,19,8,9
7ab313b104,15667,male,24,11,12,14,12
4c92a131a2,49628,male,26,7,9,15,20
66bc0ecce3,19529,female,19,13,7,9,14
c5c6961996,71479,male,20,9,10,16,11
4dc8b6d566,33371,female,23,10,12,8,11
f87d14bf38,7936,male,19,17,17,13,13
87f4e50bc9,76984,male,25,14,9,12,19
e72beb9fe6,74107,female,23,11,15,19,19
2a5ac7b8e5,36693,female,27,13,14,16,17
486aded782,73335,female,28,10,7,16,19
4403de36f2,71943,male,24,8,11,20,7
280244d328,28531,female,20,17,20,18,20
8b0d4a6e3c,97468,male,20,17,8,16,7
9256ea3292,18460,female,20,9,18,9,15
4e0e100e3b,9030,male,19,12,17,14,15
c69514c313,28262,male,19,11,17,20,8
44fae4e951,40252,male,22,8,10,14,9
0b7fa52a1c,47177,female,23,9,17,8,20
5ec9addabd,79325,female,20,9,12,7,18
a5c4e42c52,82663,male,25,12,13,16,17
78c679e19e,22071,male,19,12,11,18,15
4020cac8ff,54134,male,24,19,13,10,15
d31bf949a6,82553,female,26,12,7,8,8
92f5e81f21,99040,female,25,20,8,18,10
0b3a375292,71643,male,27,10,18,11,12
9bb9bff824,44697,male,26,14,20,11,7
c8dd94566f,22778,male,25,16,19,12,19
369dc79fe9,85352,male,23,17,15,17,16
83038f1623,54401,male,20,19,17,18,12
a89a19c09b,5954,female,25,17,9,12,19
fee14f82b6,58265,male,23,20,13,7,13
4e0ccdcf05,52682,female,22,9,18,13,20
38a5c9b9e3,97033,female,24,14,17,10,12
e78993ec4b,20117,male,24,20,8,16,19
180732be92,2139,female,20,15,20,17,7
c5c61abe73,71326,male,26,11,16,10,19
868089f739,33525,male,28,13,20,15,9
597cbbeb1d,71400,female,27,9,13,7,18
56889f703c,52953,male,25,16,13,17,8
f25e9ec041,87313,male,23,8,8,13,18
01a9080b23,82254,female,23,14,17,20,14
5edd817cf1,47809,female,28,11,17,20,16
ceee6c54ac,7750,female,20,16,7,12,19
5d4c562f60,39585,female,19,18,18,9,15
4cf349fadd,98926,female,23,13,8,17,20
6cd886c7f0,4568,male,27,20,15,13,18
5fc884ff87,43881,male,20,16,19,19,20
50f91108a6,9694,male,19,14,8,14,14
9dd1a1e555,80006,male,26,7,7,18,20
478d594541,86329,female,26,15,12,17,12
0f0648b751,68494,male,24,20,13,7,20
7bc4aa9bf4,76583,female,24,9,14,7,19
c9dc07f242,46831,male,27,20,10,13,16
ee66f1395c,32060,female,23,9,16,20,19
26ca7e8862,25881,female,19,16,17,14,9
37f9cdc038,29877,female,20,14,11,17,9
403447c92c,11754,female,20,12,10,13,17
3511b8b23f,26398,female,24,20,9,15,11
8b27410251,32930,male,24,18,15,14,9
45f4802e1b,61474,female,27,10,13,14,7
4009d599a0,69255,male,19,12,19,12,19
caa18075c6,33195,female,28,14,7,18,9
e84529e822,32167,female,20,8,14,14,12
b830be4157,94947,male,23,19,10,12,13
5e2fdbac60,43970,male,21,17,7,20,12
1eb4625173,58578,male,19,11,19,8,10
a865bac38c,88666,male,24,10,20,20,19
5195ff4d4f,55030,female,27,19,17,19,16
8ce8733796,46602,female,26,18,12,8,8
1df9d3a5eb,18664,male,23,17,10,9,19
8744f90716,45158,female,21,15,13,8,8
6e8849e886,20904,female,28,19,17,17,19
16fab23a00,52862,female,21,16,12,17,10
e4bf1325e5,3586,male,21,13,19,8,13
d43b4ab8d7,90534,male,23,17,16,15,14
471e78e576,28125,female,27,12,16,16,18
073ee3fdbe,63270,female,26,8,17,8,15
ee3704f343,17988,male,26,10,8,12,20
8ee42e921b,46296,male,23,15,14,9,11
0da2e62d0d,61824,female,24,7,10,19,15
4768765810,69015,male,20,18,8,14,8
60edd2bc38,2887,female,20,18,10,13,13
769302b393,84021,female,20,11,16,13,20
8e1893f3a2,51840,female,25,19,9,20,10
04c380ecf6,20676,male,27,7,17,20,17
e9866effe1,26691,male,25,11,10,20,20
3b1dad21a6,49771,male,26,12,8,11,17
622bb23943,84330,female,23,20,8,13,7
66a95890bd,7873,male,25,8,11,20,15
5361b01b5c,90593,female,23,9,12,15,16
8241be19cb,553,male,19,16,15,8,16
e08eea29b7,25170,female,19,11,14,15,11
f4351531d2,6291,male,26,17,9,18,20
8b4b16f456,75540,female,25,20,8,13,13
e191345325,62705,male,26,12,17,15,9
09c5031cc3,7676,male,27,19,7,18,16
740ae5f777,1426,female,26,16,17,11,15
456b52570c,91532,male,27,19,7,12,10
0e4de6e106,90645,male,23,11,8,9,13
be3311f25e,4381,female,24,7,13,13,7
ac0b6c094c,43919,female,19,11,9,16,13
f7617e434e,17413,female,20,20,8,17,15
cecff9f3c1,94176,male,28,20,14,20,10
6c6159dbc8,43753,female,28,7,16,8,11
6d7053bcef,78444,female,22,18,8,10,8
01a9d8e3ff,19627,male,22,8,7,12,19
9204637f8d,32153,male,24,7,18,12,15
9ee5c73e5b,20204,male,24,9,11,10,17
7bf7b85df2,45516,male,24,8,14,20,10
6c1f1105bf,64770,female,25,11,7,10,18
6abc3cc89a,29938,female,27,17,15,20,12
e6d3b7c60c,58545,male,19,8,14,11,20
f10503974e,38216,male,19,10,11,15,19
eef2b27c12,81226,female,27,14,7,7,7
45c7b5a96e,15216,female,26,19,13,13,13
2f21bf16c6,10725,female,20,20,18,8,14
4c66b9af53,62749,female,27,19,13,17,17
e3dd495913,47747,female,25,14,19,10,14
d155865aec,7030,male,27,15,10,7,18
ec66c4e1a3,56309,female,21,14,11,17,12
60f5d8064b,58759,male,20,16,17,17,18
8bfc1646d7,14936,male,24,18,13,18,18
ed1fa46099,63288,female,25,17,15,8,10
75b6a19697,43717,female,24,11,15,20,8
6f83048f5b,99804,female,25,16,9,13,12
0932d82780,76057,female,22,13,11,16,8
4a1ae6005f,86922,female,23,12,7,7,14
cf4a71d716,48403,female,20,18,19,14,17
7374804e00,48048,male,28,14,17,19,14
b5a843b42b,49099,female,25,17,14,10,8
e335af20db,22340,male,25,7,12,13,20
acdd5a64cd,35093,female,21,19,15,7,12
fab8d6c640,53293,female,20,17,8,8,8
bbc77d1963,31322,male,25,8,20,19,8
150c04a948,74668,male,22,14,7,12,19
4f5a3118ed,2924,female,22,13,15,7,16
2358a38f32,15578,female,27,8,20,14,20
42d21c37b7,78978,female,24,17,11,20,19
5c512de20d,23617,female,24,8,7,8,8
458498bc71,16279,male,19,7,14,11,17
83a8493ad0,53190,male,26,11,14,11,12
c44f850d3c,11857,female,23,20,11,11,20
222ed23bbb,30290,male,24,12,10,9,8
36d4392e5b,55650,female,28,8,8,18,13
6a1997504a,75145,female,23,19,16,17,14
769f596796,60053,female,28,16,17,19,10
48b707b0ce,52195,female,27,12,17,8,17
44019d3640,7386,female,26,14,16,15,11
ed078eff41,88551,female,26,12,14,9,10
2688bb8176,84523,male,22,20,8,20,13
d90f65a6a3,58517,male,28,9,15,9,14
2db68b73bc,69096,female,28,19,9,7,10
0d7a1bc28a,72406,male,23,18,14,7,7
6bbdcf8e92,14232,male,22,19,17,19,15
81c3264950,69224,male,23,11,10,15,9
3e5afcd624,31645,male,21,15,20,14,9
4e80060301,13877,female,24,18,13,12,17
9753577b46,37720,female,19,18,20,12,18
d93c6fe31c,86362,male,27,13,11,8,17
c80211d3c8,21982,male,21,17,13,15,17
8fba7d50ed,62816,male,24,17,9,18,16
72f15ef7e7,54287,female,28,11,18,20,7
5e1a1f366e,25838,female,20,8,19,12,17
efda9e7cd4,94683,male,19,10,14,16,16
deeeed3b34,52817,female,25,20,11,8,19
8845278899,29190,female,20,18,14,19,11
71da738d81,62702,female,27,20,11,11,8
68990e58b7,28056,female,27,11,17,16,12
153503cfbf,69477,female,27,18,14,20,16
df12729715,22201,male,21,12,9,17,18
e95007ac1f,1739,female,20,12,19,9,20
f97419d569,79009,male,27,20,18,17,8
6b3f4c7c6c,38817,female,21,20,13,7,16
aa1358d264,11663,female,22,15,8,11,17
7e5f80b7d5,44061,male,22,19,19,8,14
370c28789c,587,female,24,16,10,18,8
6f11e07247,86835,male,25,15,8,20,11
d84d30c469,17297,male,20,12,15,9,18
8d5193c246,98314,female,21,9,9,10,13
dd44afe7f6,65213,female,28,13,17,19,13
6458fc6cb0,13120,male,23,18,20,9,10
a3e7c5399d,20923,male,19,10,14,12,9
8f5e1bca62,62820,male,27,16,17,9,10
ca6d9a8f1f,75323,male,24,9,11,13,10
7253d876d8,30496,male,19,11,11,13,15
086c79f47c,81123,female,19,14,9,12,20
bb5cd2d86c,2260,female,25,8,15,15,11
726705e03b,22601,male,22,7,7,20,14
6fc06f3ef8,47351,male,19,14,18,12,17
a2a597a4c1,75249,female,24,12,9,17,17
a69bcf7180,37091,male,22,16,11,10,17
3cc2b77f1a,36477,male,27,20,13,18,14
2ef13b099b,43228,female,23,14,15,13,15
a5df75c8ef,41260,female,28,18,13,19,20
af722afe25,29210,male,20,11,16,19,16
d7979dfb12,46862,male,20,18,8,10,14
b4a9f2368b,25318,female,19,20,11,16,15
93e41078de,81277,male,22,10,13,20,14
fddbdd81f4,30185,male,25,13,19,7,7
7439e3fd83,44453,female,19,13,16,12,14
8f0b4434e7,3283,female,23,19,18,11,14
7be34828a1,50541,male,21,16,12,11,14
